customer_id,customer_type,age_years,annual_income,exposure_at_default,undrawn_amount,loan_term_months,employment_duration_years,existing_loans_flag,credit_score_internal,rating_grade,customer_region,industry_sector,housing_status,marital_status,default_flag,snapshot_year
745,retail,31,884042,423089,222128,116,35,0,653,4,West,Technology,mortgage,divorced,0,2020
882,retail,19,306951,493455,120747,6,9,0,685,2,East,Finance,rent,divorced,0,2022
400,corporate,54,961554,863725,241372,118,36,1,563,2,South,Services,own,single,0,2020
113,corporate,74,817689,509909,107237,152,7,0,701,1,West,Technology,rent,divorced,0,2022
523,corporate,51,670498,502148,93405,244,28,0,672,3,South,Retail,mortgage,divorced,0,2024
969,retail,59,791211,871248,211429,103,14,1,561,4,West,Finance,mortgage,married,0,2024
623,retail,19,289544,282919,94715,167,16,1,676,2,East,Technology,mortgage,single,0,2024
970,retail,59,584376,536930,3262,98,6,1,664,2,West,Services,rent,married,0,2024
531,corporate,23,564600,815581,65133,348,39,0,651,4,West,Technology,mortgage,married,0,2024
890,retail,19,993601,483918,183006,249,22,0,664,4,East,Technology,own,divorced,0,2024
7,retail,48,611792,78487,70821,350,28,1,634,1,East,Technology,rent,divorced,0,2022
363,retail,68,467650,85451,4994,127,22,1,629,3,South,Services,mortgage,married,0,2024
526,retail,61,272775,378226,162781,14,0,0,676,1,South,Services,mortgage,divorced,0,2024
499,corporate,27,738158,692773,174379,316,29,0,608,3,East,Finance,mortgage,divorced,0,2024
277,corporate,60,274447,65350,8328,168,15,0,647,5,South,Manufacturing,mortgage,divorced,1,2022
635,retail,62,602891,965230,65206,181,9,0,729,2,South,Retail,rent,divorced,0,2024
886,retail,38,701050,557219,169302,296,10,0,747,6,East,Finance,rent,single,0,2020
744,retail,68,525960,636256,156452,63,27,0,688,2,West,Technology,rent,divorced,0,2020
285,retail,49,772893,960991,234473,246,37,1,652,5,North,Technology,own,single,0,2024
495,retail,39,947232,161094,198237,26,6,1,670,4,West,Finance,rent,single,0,2024
512,retail,69,1027611,428458,7485,39,13,0,690,4,East,Services,mortgage,single,0,2024
740,retail,70,407324,960438,136285,104,23,0,633,3,East,Manufacturing,own,divorced,1,2020
308,retail,48,411486,536492,245017,68,17,0,650,2,South,Manufacturing,own,single,0,2024
615,corporate,66,615453,381994,207306,213,32,0,519,3,West,Manufacturing,own,divorced,0,2024
884,retail,26,992210,132332,210747,183,25,1,633,6,South,Technology,rent,single,1,2021
383,retail,49,278046,94703,118094,342,0,1,648,3,West,Technology,rent,married,0,2022
719,retail,61,1181008,959349,59821,138,6,0,664,5,South,Retail,own,single,0,2023
467,retail,35,955878,121086,207574,259,17,1,559,2,South,Retail,mortgage,divorced,0,2024
981,retail,62,956242,371719,117473,172,10,0,569,4,West,Finance,rent,single,0,2024
672,corporate,45,194900,854081,110130,169,17,0,730,3,North,Retail,own,single,0,2024
781,retail,46,676570,800605,225458,351,6,1,653,3,West,Manufacturing,own,divorced,0,2020
616,corporate,68,871037,579383,61114,242,9,0,585,6,East,Finance,rent,married,0,2023
743,corporate,66,580599,532552,116545,198,20,1,641,2,South,Services,own,married,0,2020
422,corporate,63,624013,285011,68842,132,24,0,595,3,North,Technology,rent,divorced,0,2024
934,retail,31,558288,629164,31480,106,29,0,636,3,West,Services,own,single,0,2023
877,corporate,52,617243,389270,66983,193,17,1,655,3,North,Services,rent,single,0,2022
452,retail,55,200601,306208,120018,303,32,0,578,5,South,Manufacturing,own,single,0,2024
252,retail,57,332051,291755,41458,45,22,1,616,1,East,Finance,own,married,1,2023
396,corporate,46,378981,827865,219071,92,7,1,624,3,South,Technology,mortgage,divorced,0,2021
326,corporate,46,1147082,346851,65048,329,29,0,661,6,East,Technology,rent,married,0,2023
296,retail,46,467875,754199,143279,10,15,1,709,6,South,Finance,rent,divorced,0,2021
943,retail,45,331948,498019,244056,355,10,1,745,2,East,Retail,rent,single,0,2020
208,retail,58,153191,346227,56358,197,30,0,630,3,South,Finance,own,divorced,0,2022
463,corporate,30,1091763,411415,166812,196,36,1,646,5,West,Finance,rent,single,0,2024
517,retail,55,329635,102764,159525,185,2,0,644,2,West,Finance,mortgage,divorced,1,2022
149,retail,56,1085772,277986,106616,292,12,1,600,2,North,Retail,own,married,0,2023
619,corporate,53,1171469,811955,25525,247,31,1,709,1,South,Technology,own,divorced,0,2024
591,retail,20,273950,978078,241407,336,22,1,749,3,West,Finance,rent,married,1,2023
976,retail,24,171281,844874,54722,90,35,0,589,3,North,Finance,mortgage,married,0,2023
675,retail,54,610796,678516,30257,299,12,0,621,3,North,Services,rent,single,0,2021
623,retail,19,289544,282919,94715,167,16,1,676,2,East,Technology,mortgage,single,0,2023
492,retail,32,1003695,597515,171244,233,7,1,470,5,East,Finance,mortgage,single,0,2024
272,corporate,53,1029903,947951,102811,150,19,0,567,1,East,Services,mortgage,divorced,0,2022
669,retail,34,610244,163484,68798,341,28,0,639,7,North,Retail,mortgage,married,0,2021
328,retail,21,581116,267354,50940,192,19,0,580,3,North,Services,rent,divorced,0,2024
333,retail,21,816165,878584,141727,289,0,0,609,4,East,Retail,mortgage,divorced,0,2022
713,retail,54,728533,753859,192917,115,38,1,626,1,West,Technology,rent,married,0,2020
419,retail,33,1081479,773461,120927,211,5,1,675,4,North,Finance,own,married,0,2020
550,corporate,33,423349,433177,153939,194,18,0,571,4,South,Services,own,married,0,2021
130,retail,35,843045,890662,7352,293,14,0,664,1,North,Retail,rent,divorced,1,2022
233,retail,35,553082,747954,185388,35,8,0,674,2,West,Manufacturing,own,single,0,2022
212,retail,46,370169,483314,223492,350,8,0,587,2,South,Retail,mortgage,married,0,2022
809,retail,21,478821,307675,179297,322,33,0,658,5,North,Retail,mortgage,married,0,2024
961,retail,61,1080370,711160,126083,215,31,0,642,4,South,Finance,own,married,0,2020
273,corporate,44,1035421,302575,54935,171,4,1,633,1,North,Finance,rent,single,0,2020
509,corporate,47,321033,295960,230233,35,17,0,528,1,South,Manufacturing,own,single,1,2024
948,corporate,53,1103692,140356,224108,34,21,0,533,3,North,Services,own,single,0,2020
424,retail,34,842841,822283,9277,339,4,1,546,3,North,Manufacturing,own,married,0,2022
500,corporate,57,683571,877482,110986,290,28,1,569,4,West,Services,rent,divorced,0,2024
566,retail,42,669165,350676,150331,250,22,1,597,5,East,Services,rent,married,0,2024
183,corporate,66,343718,128581,69463,251,22,1,626,3,South,Manufacturing,own,divorced,0,2021
842,retail,55,400100,141184,173115,275,20,0,634,3,West,Manufacturing,own,divorced,0,2022
864,retail,38,881478,616226,47893,12,9,0,669,3,East,Finance,rent,married,1,2024
68,corporate,43,509687,189838,222857,232,23,0,607,3,East,Services,own,married,0,2021
527,retail,66,1119211,13696,178860,293,0,0,682,4,East,Services,own,single,0,2024
452,retail,55,200601,306208,120018,303,32,0,578,1,South,Manufacturing,own,single,0,2021
153,retail,28,877506,318112,13652,295,27,0,634,4,North,Manufacturing,rent,married,0,2021
430,retail,63,1117561,348365,220283,16,4,0,711,3,North,Retail,rent,married,0,2024
981,retail,62,956242,371719,117473,172,10,0,569,3,West,Finance,rent,single,0,2020
254,retail,30,273257,939454,152185,116,13,1,709,4,North,Retail,mortgage,single,0,2021
474,corporate,49,992150,628071,197097,330,17,1,634,1,East,Services,mortgage,single,0,2023
204,corporate,31,747218,289067,17413,154,29,1,687,2,South,Retail,rent,single,0,2022
480,retail,58,1176657,612248,84811,354,3,0,633,3,East,Retail,rent,married,0,2021
643,retail,25,708516,231883,229204,164,23,0,618,2,East,Retail,mortgage,single,0,2022
470,corporate,63,247852,424758,247572,68,33,0,640,4,East,Services,own,single,0,2024
460,retail,41,703343,936215,166782,84,12,0,654,5,North,Manufacturing,own,single,0,2021
440,retail,37,808003,395893,147705,59,32,0,678,6,West,Finance,mortgage,single,0,2022
449,retail,37,216707,800074,20176,267,17,1,698,3,East,Technology,mortgage,single,0,2022
386,corporate,31,791147,770084,11064,296,13,0,675,6,West,Services,own,married,0,2022
844,corporate,23,858521,160653,233510,40,7,0,648,3,South,Finance,own,single,0,2020
844,corporate,23,858521,160653,233510,40,7,0,648,3,South,Finance,own,single,0,2020
554,retail,43,1110374,489336,29063,293,36,0,679,5,North,Retail,own,married,0,2023
262,corporate,45,1131883,447940,121866,171,1,0,600,6,West,Manufacturing,rent,single,0,2024
291,retail,35,601157,598398,233612,63,15,0,681,4,North,Services,rent,single,0,2021
763,retail,67,594865,307142,39350,78,15,0,647,2,North,Retail,own,single,0,2021
716,corporate,66,580634,261514,154542,256,15,1,595,3,West,Technology,own,divorced,0,2024
992,retail,43,734054,707411,222751,335,15,0,526,1,South,Finance,rent,divorced,0,2021
892,corporate,45,327912,784504,73193,304,30,0,647,1,East,Services,mortgage,single,0,2020
64,retail,20,863936,681009,143697,142,25,0,668,5,North,Technology,rent,divorced,0,2024
957,retail,47,422647,383216,1881,279,15,1,652,5,West,Finance,own,single,0,2024
650,retail,31,738595,229526,71196,106,16,0,692,2,East,Technology,rent,married,1,2022
822,retail,19,718302,29477,45619,59,21,0,675,3,South,Finance,rent,married,1,2024
425,retail,46,814917,827711,173311,121,19,1,683,2,South,Technology,rent,married,0,2021
11,retail,54,345246,325261,116506,218,7,1,612,4,East,Finance,own,married,0,2023
107,retail,61,764661,943713,85178,68,12,0,690,1,East,Services,own,divorced,0,2024
369,retail,51,919727,676393,42215,111,26,1,676,1,East,Manufacturing,own,single,0,2023
215,corporate,42,371972,800645,235595,208,3,1,665,4,West,Services,mortgage,single,0,2024
431,retail,67,636799,885512,148961,90,1,0,706,4,West,Manufacturing,own,married,0,2022
64,retail,20,863936,681009,143697,142,25,0,668,1,North,Technology,rent,divorced,0,2020
453,retail,65,1144969,760186,220863,81,27,0,636,5,North,Finance,rent,married,0,2021
241,corporate,34,1062735,689447,14955,108,11,0,672,3,North,Manufacturing,rent,single,0,2022
124,retail,62,254211,858800,155489,304,22,0,707,2,North,Retail,own,single,0,2023
384,corporate,19,889290,505164,156379,302,33,0,722,2,West,Retail,own,single,0,2021
547,retail,24,1066383,122492,25939,164,15,0,653,1,East,Finance,rent,single,1,2024
477,retail,42,610385,982892,26069,297,5,1,671,3,South,Services,mortgage,married,0,2023
635,retail,62,602891,965230,65206,181,9,0,729,2,South,Retail,rent,divorced,0,2023
911,retail,67,985083,530616,169934,283,1,0,572,3,East,Finance,rent,single,0,2020
620,corporate,70,614894,72433,79818,288,14,0,701,2,East,Retail,own,married,0,2024
787,retail,64,157461,449030,52446,142,22,1,738,4,East,Manufacturing,own,single,0,2021
888,retail,25,992000,261671,150592,258,33,0,676,1,East,Retail,mortgage,divorced,0,2021
560,retail,35,946184,315505,80764,321,0,1,635,2,West,Finance,mortgage,married,0,2021
735,retail,18,858140,230357,243877,59,11,0,708,4,East,Services,own,divorced,0,2022
133,retail,65,788387,108538,97493,252,38,0,654,6,North,Manufacturing,rent,single,0,2022
269,retail,42,1029381,433332,178293,22,34,1,687,5,North,Technology,mortgage,married,0,2024
819,retail,58,792249,37798,2775,274,12,0,595,4,South,Technology,rent,married,0,2024
991,corporate,26,745600,505916,156877,58,22,0,604,1,East,Technology,rent,divorced,0,2022
288,retail,47,782543,191196,222129,65,29,0,627,3,North,Retail,mortgage,divorced,0,2020
306,corporate,34,179725,759468,84607,49,5,1,608,1,East,Finance,mortgage,divorced,0,2024
621,retail,51,434154,974572,114589,46,26,1,652,4,South,Technology,rent,single,0,2020
523,corporate,51,670498,502148,93405,244,28,0,672,3,South,Retail,mortgage,divorced,0,2021
981,retail,62,956242,371719,117473,172,10,0,569,3,West,Finance,rent,single,0,2021
962,retail,27,478768,531658,88059,241,14,0,607,5,West,Retail,mortgage,married,0,2023
153,retail,28,877506,318112,13652,295,27,0,634,1,North,Manufacturing,rent,married,0,2024
656,retail,55,313834,48578,39850,339,20,1,629,1,South,Finance,mortgage,divorced,0,2022
225,retail,51,373332,783221,1700,354,1,1,727,4,South,Finance,rent,married,0,2021
650,retail,31,738595,229526,71196,106,16,0,692,2,East,Technology,rent,married,1,2021
301,retail,30,406695,250853,159988,151,26,0,588,4,West,Technology,rent,married,0,2024
435,retail,46,420040,990568,54319,69,21,0,615,2,East,Technology,own,married,0,2020
261,retail,57,262990,697605,110107,27,16,1,662,2,West,Retail,own,married,0,2024
353,retail,69,1082883,279150,233192,235,34,0,688,3,West,Finance,mortgage,single,1,2020
250,corporate,57,669089,423523,227743,81,38,0,619,4,West,Retail,rent,single,0,2020
572,corporate,53,458449,425842,128216,332,26,1,688,3,West,Services,mortgage,single,0,2022
268,corporate,62,620641,396721,49298,278,2,0,555,1,West,Manufacturing,own,single,0,2024
631,corporate,68,689570,17415,106609,206,21,0,618,2,East,Services,rent,married,0,2023
567,retail,62,369780,721935,167031,112,22,0,684,1,North,Manufacturing,rent,divorced,0,2023
386,corporate,31,791147,770084,11064,296,13,0,675,6,West,Services,own,married,0,2020
312,retail,52,715609,62428,58692,168,24,0,682,3,East,Manufacturing,own,married,0,2021
324,retail,47,842095,953927,143888,133,20,0,550,2,North,Technology,rent,married,0,2022
375,retail,58,496874,712922,233095,217,12,0,760,6,North,Services,mortgage,divorced,0,2023
705,retail,74,1174729,149784,917,211,23,0,750,7,West,Manufacturing,own,divorced,0,2020
811,corporate,18,326806,539274,83014,159,16,0,651,3,South,Finance,own,divorced,0,2023
609,retail,21,291521,485406,28302,301,25,0,654,2,North,Retail,mortgage,single,0,2022
2,corporate,29,255111,544638,12905,354,34,1,706,1,West,Technology,own,single,0,2023
66,retail,60,421830,214535,58671,6,5,1,694,3,North,Finance,own,married,0,2024
231,corporate,65,291214,506013,193006,193,7,1,654,3,West,Retail,rent,married,1,2021
52,corporate,52,611227,252717,5039,117,27,0,692,3,West,Technology,mortgage,single,0,2023
172,retail,43,993441,12257,2187,287,23,0,566,2,East,Technology,own,married,1,2021
466,retail,38,838725,806643,224655,146,14,0,615,2,East,Manufacturing,rent,married,0,2020
579,retail,49,699844,230462,90012,52,1,1,670,3,East,Finance,rent,single,0,2020
832,retail,70,510890,296479,168171,220,5,0,612,4,West,Finance,rent,divorced,0,2024
832,retail,70,510890,296479,168171,220,5,0,612,6,West,Finance,rent,divorced,0,2024
233,retail,35,553082,747954,185388,35,8,0,674,5,West,Manufacturing,own,single,0,2024
840,retail,63,533100,344971,99165,358,35,0,631,1,North,Finance,own,divorced,0,2020
115,retail,47,437313,189767,180903,33,20,1,613,2,West,Services,rent,single,0,2022
18,retail,42,1109125,824886,225646,281,15,1,669,3,North,Manufacturing,mortgage,married,0,2023
425,retail,46,814917,827711,173311,121,19,1,683,2,South,Technology,rent,married,0,2022
508,corporate,30,1186059,78323,49522,151,29,1,633,1,South,Manufacturing,rent,divorced,0,2024
849,retail,40,1133825,157595,16351,243,20,0,767,7,East,Services,rent,single,0,2022
143,retail,21,157967,588328,138368,301,26,1,568,2,North,Services,rent,married,0,2022
937,retail,70,854293,950051,23569,35,28,0,649,1,North,Manufacturing,rent,divorced,0,2021
556,retail,58,183691,568969,3748,192,5,1,613,5,West,Services,rent,single,0,2023
230,retail,22,1112361,442995,163187,7,30,0,661,5,East,Services,mortgage,married,0,2022
572,corporate,53,458449,425842,128216,332,26,1,688,3,West,Services,mortgage,single,0,2023
530,corporate,20,418854,685673,176020,10,15,1,642,1,West,Technology,rent,single,0,2024
130,retail,35,843045,890662,7352,293,14,0,664,1,North,Retail,rent,divorced,1,2020
901,retail,54,1028453,944405,70744,192,33,0,567,2,South,Manufacturing,rent,married,1,2024
891,corporate,23,749253,586201,25566,128,28,1,655,3,East,Retail,mortgage,divorced,0,2022
9,retail,34,934625,133853,234313,292,2,1,679,1,West,Manufacturing,mortgage,married,0,2023
583,retail,23,183866,973111,159973,111,37,0,615,5,West,Manufacturing,own,divorced,0,2022
928,retail,21,434334,360373,36683,75,23,0,607,5,West,Technology,rent,married,0,2022
62,retail,62,1086705,769710,86346,318,33,1,690,6,South,Technology,own,single,0,2022
241,corporate,34,1062735,689447,14955,108,11,0,672,3,North,Manufacturing,rent,single,0,2024
52,corporate,52,611227,252717,5039,117,27,0,692,3,West,Technology,mortgage,single,0,2021
95,corporate,30,684003,969131,155242,347,27,0,726,3,South,Services,rent,married,0,2022
411,retail,52,1054098,165344,127619,261,16,0,619,3,East,Manufacturing,mortgage,married,0,2021
234,retail,23,351139,820904,5520,272,29,0,652,4,West,Manufacturing,rent,divorced,0,2021
765,retail,61,1011069,939616,25517,265,33,0,680,2,West,Retail,rent,single,0,2020
340,retail,71,597557,349384,42056,141,6,0,681,2,South,Services,own,divorced,0,2022
889,retail,65,1021522,852065,216310,297,39,0,804,1,South,Finance,rent,married,0,2024
126,retail,73,1073160,54760,106133,63,29,1,664,3,South,Services,mortgage,divorced,0,2023
627,retail,23,203909,157745,244309,17,12,0,720,3,West,Finance,rent,married,0,2023
584,retail,35,585071,279956,120721,285,15,0,602,3,West,Manufacturing,own,divorced,0,2021
147,retail,60,991531,288355,76709,189,25,0,641,4,North,Technology,own,married,0,2023
942,retail,64,698333,71842,32954,123,1,1,684,3,South,Finance,mortgage,divorced,0,2021
288,retail,47,782543,191196,222129,65,29,0,627,3,North,Retail,mortgage,divorced,0,2023
191,retail,35,1188199,224764,91683,299,33,1,607,4,East,Finance,mortgage,divorced,0,2020
672,corporate,45,194900,854081,110130,169,17,0,730,5,North,Retail,own,single,0,2024
207,retail,28,574127,326480,84514,156,8,0,696,1,North,Manufacturing,rent,divorced,0,2021
176,retail,73,1147858,36654,152297,345,24,1,586,2,West,Finance,rent,married,0,2023
889,retail,65,1021522,852065,216310,297,39,0,804,5,South,Finance,rent,married,0,2024
975,retail,71,899078,680798,75485,190,14,1,564,2,West,Technology,mortgage,divorced,0,2021
706,corporate,71,809738,215776,75602,340,0,0,661,3,East,Finance,own,divorced,0,2020
311,retail,62,1024631,827563,120076,105,28,1,777,1,North,Retail,rent,single,0,2024
301,retail,30,406695,250853,159988,151,26,0,588,5,West,Technology,rent,married,0,2023
182,retail,40,1077460,498906,14387,134,18,0,695,2,East,Finance,rent,divorced,0,2022
468,corporate,47,938768,466285,17374,48,22,0,676,3,North,Technology,mortgage,single,0,2020
126,retail,73,1073160,54760,106133,63,29,1,664,3,South,Services,mortgage,divorced,0,2020
560,retail,35,946184,315505,80764,321,0,1,635,2,West,Finance,mortgage,married,0,2021
526,retail,61,272775,378226,162781,14,0,0,676,2,South,Services,mortgage,divorced,0,2020
673,retail,19,551067,202029,22164,153,19,1,673,4,North,Manufacturing,mortgage,divorced,0,2024
673,retail,19,551067,202029,22164,153,19,1,673,4,North,Manufacturing,mortgage,divorced,0,2024
615,corporate,66,615453,381994,207306,213,32,0,519,3,West,Manufacturing,own,divorced,0,2024
606,retail,41,593316,424170,23386,101,38,1,620,2,South,Technology,mortgage,divorced,0,2021
756,corporate,46,160651,404754,241959,193,19,0,648,5,East,Services,own,divorced,1,2024
527,retail,66,1119211,13696,178860,293,0,0,682,5,East,Services,own,single,0,2024
452,retail,55,200601,306208,120018,303,32,0,578,1,South,Manufacturing,own,single,0,2021
410,retail,51,599830,627632,27197,52,15,0,606,3,East,Retail,mortgage,married,0,2024
76,corporate,21,904296,330752,14924,242,17,0,673,4,West,Finance,rent,divorced,0,2020
167,retail,63,173312,133106,147026,276,34,1,626,2,North,Finance,mortgage,married,0,2020
904,retail,53,844335,859307,159090,22,17,0,616,6,West,Technology,rent,divorced,0,2023
532,corporate,26,321918,926496,114444,131,25,1,605,3,West,Services,mortgage,married,0,2021
848,corporate,58,1095238,762922,214028,213,13,1,677,2,North,Finance,rent,divorced,0,2021
231,corporate,65,291214,506013,193006,193,7,1,654,3,West,Retail,rent,married,1,2020
353,retail,69,1082883,279150,233192,235,34,0,688,3,West,Finance,mortgage,single,1,2020
230,retail,22,1112361,442995,163187,7,30,0,661,5,East,Services,mortgage,married,0,2021
274,corporate,55,234080,421124,122439,342,18,0,603,3,West,Retail,mortgage,divorced,1,2022
926,retail,68,710592,206375,211144,95,0,0,652,1,East,Manufacturing,mortgage,single,0,2023
688,retail,20,819927,430343,183185,147,17,0,534,3,North,Services,own,single,0,2024
579,retail,49,699844,230462,90012,52,1,1,670,3,East,Finance,rent,single,0,2022
582,corporate,35,818590,638889,102476,204,22,1,623,1,South,Technology,mortgage,divorced,0,2024
629,retail,59,1120834,692416,43469,81,24,1,579,2,East,Manufacturing,rent,divorced,0,2020
593,retail,27,750517,397699,35503,17,33,0,644,3,West,Retail,mortgage,married,0,2023
323,retail,32,839556,152980,36413,319,25,1,727,4,East,Technology,own,married,1,2021
395,retail,45,811757,992605,180755,81,13,1,573,2,East,Services,mortgage,married,0,2023
117,corporate,56,341703,401858,224881,124,39,0,622,4,West,Services,mortgage,married,0,2023
574,retail,25,340237,267906,65901,100,32,1,529,5,West,Technology,own,married,0,2022
875,retail,43,1129947,842595,45541,6,23,1,581,2,East,Retail,rent,married,0,2023
899,retail,51,230388,720672,224021,52,32,0,604,4,North,Services,rent,single,1,2024
533,corporate,23,369055,849953,197530,80,15,0,630,1,East,Retail,own,married,0,2020
242,corporate,67,571486,22828,175121,228,36,0,589,3,East,Services,mortgage,single,0,2020
262,corporate,45,1131883,447940,121866,171,1,0,600,6,West,Manufacturing,rent,single,0,2023
797,corporate,35,323921,665348,145787,16,7,0,630,3,West,Manufacturing,rent,divorced,0,2023
169,retail,60,577387,850552,12356,110,23,0,570,2,South,Services,mortgage,single,0,2023
968,retail,66,490615,50387,249018,201,12,0,602,2,North,Finance,rent,married,0,2024
1000,retail,41,327164,877564,140090,34,25,0,641,4,South,Technology,mortgage,divorced,0,2024
595,corporate,52,703083,292844,224531,288,22,1,716,2,North,Finance,rent,single,0,2020
67,retail,57,465507,710769,116214,49,15,0,646,4,East,Manufacturing,mortgage,married,0,2023
680,corporate,73,641862,944093,52691,154,36,0,604,7,South,Technology,own,divorced,0,2020
438,corporate,41,417491,311014,152711,126,28,1,556,4,South,Retail,rent,single,0,2024
166,corporate,62,643158,245469,63059,118,2,1,646,7,North,Services,rent,single,0,2021
638,retail,38,423146,722509,83178,65,37,1,680,3,West,Services,rent,single,0,2022
770,corporate,69,851979,322863,89132,176,17,1,626,6,East,Technology,mortgage,single,1,2020
847,retail,30,158036,102036,189052,278,11,1,549,1,East,Finance,own,divorced,0,2020
533,corporate,23,369055,849953,197530,80,15,0,630,1,East,Retail,own,married,0,2020
975,retail,71,899078,680798,75485,190,14,1,564,2,West,Technology,mortgage,divorced,0,2020
381,retail,28,461955,447985,169831,304,29,1,729,3,East,Services,mortgage,single,0,2021
228,retail,55,213530,184037,23199,64,3,1,752,1,East,Services,own,married,0,2021
769,retail,62,256022,357235,213967,178,21,1,667,3,West,Retail,rent,divorced,0,2022
866,retail,46,1131890,786388,127006,342,16,0,682,1,North,Finance,mortgage,divorced,1,2022
629,retail,59,1120834,692416,43469,81,24,1,579,2,East,Manufacturing,rent,divorced,0,2020
363,retail,68,467650,85451,4994,127,22,1,629,5,South,Services,mortgage,married,0,2024
994,retail,32,337771,263091,224137,300,3,0,636,1,East,Retail,own,single,0,2020
826,corporate,50,661603,399959,57124,80,18,1,613,4,North,Technology,rent,single,0,2024
826,corporate,50,661603,399959,57124,80,18,1,613,6,North,Technology,rent,single,0,2024
126,retail,73,1073160,54760,106133,63,29,1,664,3,South,Services,mortgage,divorced,0,2022
225,retail,51,373332,783221,1700,354,1,1,727,3,South,Finance,rent,married,0,2024
597,retail,71,695735,442680,172330,310,2,1,579,5,West,Manufacturing,rent,divorced,0,2020
170,retail,51,584995,477835,128128,186,18,1,639,5,East,Services,rent,single,0,2024
626,retail,53,613001,988754,101154,327,6,0,698,3,North,Retail,mortgage,married,0,2021
269,retail,42,1029381,433332,178293,22,34,1,687,5,North,Technology,mortgage,married,0,2020
544,retail,45,521616,597520,125814,140,3,0,637,6,West,Services,mortgage,single,0,2021
122,corporate,66,943153,704489,178267,223,22,0,537,4,South,Retail,rent,single,0,2021
223,retail,22,704399,824604,111900,61,14,0,729,2,East,Finance,own,married,0,2024
852,corporate,28,1000350,291696,44825,84,29,1,692,3,South,Manufacturing,rent,married,0,2022
805,retail,44,165434,863823,163165,333,13,0,719,5,East,Technology,mortgage,married,0,2020
655,retail,22,903704,723087,33340,115,20,0,672,4,East,Technology,own,married,0,2023
187,corporate,66,791269,430963,243501,154,8,0,695,3,North,Services,mortgage,single,0,2023
192,corporate,34,810902,591793,62061,258,15,1,656,3,North,Retail,rent,divorced,0,2023
703,retail,29,1074220,500238,160949,109,35,1,669,1,East,Retail,mortgage,married,0,2024
803,retail,66,1184262,252188,35903,70,34,0,570,3,East,Technology,mortgage,married,0,2020
793,retail,60,381496,197256,140148,212,5,0,644,2,North,Services,own,married,0,2024
42,retail,65,354451,10159,62943,18,35,0,627,5,North,Manufacturing,mortgage,married,0,2024
495,retail,39,947232,161094,198237,26,6,1,670,6,West,Finance,rent,single,0,2020
116,corporate,42,237468,917211,174499,43,25,0,508,5,North,Retail,rent,divorced,0,2021
560,retail,35,946184,315505,80764,321,0,1,635,2,West,Finance,mortgage,married,0,2020
282,retail,40,833404,685453,49170,315,34,0,656,1,South,Retail,mortgage,divorced,0,2021
359,corporate,23,448871,33091,234433,176,30,1,651,2,North,Finance,mortgage,divorced,0,2023
360,retail,64,1002129,791413,118696,178,30,0,533,3,South,Technology,rent,married,0,2020
26,corporate,49,943853,132258,161015,284,6,0,641,5,North,Finance,own,divorced,0,2024
401,retail,37,887266,368402,158018,256,13,0,551,6,West,Retail,own,divorced,0,2023
479,corporate,55,462813,168763,187305,123,0,0,612,3,West,Finance,own,married,0,2020
358,retail,50,636275,566718,180882,103,13,1,682,3,North,Manufacturing,own,single,0,2021
955,retail,43,755730,13849,127992,185,23,0,602,2,South,Services,rent,married,0,2024
324,retail,47,842095,953927,143888,133,20,0,550,2,North,Technology,rent,married,0,2020
726,corporate,37,185634,282872,74102,224,25,1,725,3,West,Finance,mortgage,divorced,0,2020
732,corporate,37,755842,934767,66677,348,1,0,675,2,South,Finance,own,divorced,0,2022
445,corporate,31,983731,723987,101158,23,0,0,608,5,North,Finance,mortgage,single,0,2024
830,retail,30,1172788,923858,221767,16,9,0,721,5,South,Retail,own,divorced,1,2020
115,retail,47,437313,189767,180903,33,20,1,613,2,West,Services,rent,single,0,2020
56,corporate,34,315575,197450,73788,148,39,1,700,3,North,Services,own,single,0,2022
29,retail,24,1048850,492616,4138,269,21,1,599,2,West,Technology,mortgage,single,0,2021
380,retail,46,752272,519850,55480,144,31,1,658,5,East,Technology,mortgage,divorced,0,2024
283,retail,59,537732,409371,100546,288,13,0,676,7,East,Services,own,divorced,0,2022
14,retail,23,167633,243077,150946,18,20,1,610,3,East,Finance,rent,married,0,2022
305,corporate,58,1018374,100306,37158,18,24,0,655,2,East,Services,own,divorced,0,2023
939,retail,63,480170,864568,202166,38,25,0,587,4,East,Services,mortgage,married,0,2024
892,corporate,45,327912,784504,73193,304,30,0,647,1,East,Services,mortgage,single,0,2022
595,corporate,52,703083,292844,224531,288,22,1,716,2,North,Finance,rent,single,0,2023
647,retail,40,1116920,988744,76312,290,23,0,610,3,West,Technology,rent,married,0,2022
302,retail,63,682994,990026,70463,278,9,0,670,1,East,Services,mortgage,married,0,2022
10,corporate,40,801844,997767,82289,259,7,1,680,1,East,Services,own,married,0,2021
302,retail,63,682994,990026,70463,278,9,0,670,1,East,Services,mortgage,married,0,2020
520,retail,63,778138,824914,184514,43,34,1,624,4,South,Technology,own,single,1,2021
595,corporate,52,703083,292844,224531,288,22,1,716,2,North,Finance,rent,single,0,2020
387,retail,37,338490,662845,76848,27,28,1,693,1,North,Technology,mortgage,married,0,2024
567,retail,62,369780,721935,167031,112,22,0,684,1,North,Manufacturing,rent,divorced,0,2022
449,retail,37,216707,800074,20176,267,17,1,698,3,East,Technology,mortgage,single,0,2020
831,retail,26,978791,415105,185639,353,33,1,623,1,North,Manufacturing,rent,divorced,0,2021
543,retail,67,1074133,716673,206614,100,33,0,672,4,South,Services,mortgage,single,0,2024
874,retail,55,756590,580508,178367,166,38,1,529,5,South,Technology,rent,single,0,2024
522,retail,32,812212,635043,12226,121,20,0,742,6,West,Technology,rent,married,0,2021
943,retail,45,331948,498019,244056,355,10,1,745,2,East,Retail,rent,single,0,2021
105,corporate,46,186035,146643,149329,154,15,0,676,3,West,Services,mortgage,married,0,2024
303,retail,44,945326,788883,93500,254,33,1,648,4,North,Finance,rent,married,0,2021
737,retail,52,1111703,887550,236699,59,32,1,577,2,West,Services,rent,married,0,2020
536,corporate,48,572355,408172,204565,329,35,0,668,3,North,Retail,rent,divorced,0,2021
701,retail,25,714485,374986,19288,288,35,0,660,2,North,Services,own,single,0,2021
809,retail,21,478821,307675,179297,322,33,0,658,4,North,Retail,mortgage,married,0,2021
476,corporate,62,498688,622181,87796,213,39,1,616,4,South,Retail,mortgage,single,0,2024
725,retail,61,445767,43872,12192,330,32,0,630,5,West,Retail,mortgage,single,0,2024
25,retail,64,1172460,961828,199570,114,14,0,687,3,South,Retail,own,divorced,0,2021
808,corporate,63,487913,330146,165386,272,37,1,686,4,North,Retail,own,divorced,1,2021
670,retail,42,724100,103526,116026,222,30,1,617,2,North,Services,mortgage,married,0,2021
413,corporate,42,980051,757852,155195,35,1,0,668,4,East,Services,own,divorced,1,2020
503,retail,50,675069,771282,27216,331,19,0,618,5,South,Services,rent,single,0,2024
267,retail,60,779720,258552,97406,180,5,0,588,2,South,Technology,own,single,0,2022
230,retail,22,1112361,442995,163187,7,30,0,661,5,East,Services,mortgage,married,0,2023
565,retail,30,671121,990547,108036,307,32,0,618,1,West,Manufacturing,rent,divorced,0,2024
302,retail,63,682994,990026,70463,278,9,0,670,1,East,Services,mortgage,married,0,2023
810,retail,50,233555,718175,219057,329,9,0,687,1,West,Manufacturing,mortgage,married,0,2023
535,corporate,56,1180697,116611,158598,283,0,1,596,1,West,Finance,mortgage,single,0,2020
443,retail,42,516008,958377,163244,246,0,0,664,2,South,Finance,own,divorced,1,2024
842,retail,55,400100,141184,173115,275,20,0,634,3,West,Manufacturing,own,divorced,0,2020
428,corporate,32,223997,607690,14683,271,39,0,717,1,West,Finance,own,married,0,2023
230,retail,22,1112361,442995,163187,7,30,0,661,5,East,Services,mortgage,married,0,2020
435,retail,46,420040,990568,54319,69,21,0,615,2,East,Technology,own,married,0,2023
743,corporate,66,580599,532552,116545,198,20,1,641,2,South,Services,own,married,0,2021
726,corporate,37,185634,282872,74102,224,25,1,725,3,West,Finance,mortgage,divorced,0,2021
935,retail,21,252239,994558,229602,100,12,1,641,5,North,Manufacturing,mortgage,single,0,2020
773,retail,59,1036364,345299,185271,91,39,0,697,2,East,Finance,own,divorced,0,2020
229,corporate,25,1024772,673376,175661,245,9,0,563,4,South,Retail,own,divorced,0,2024
686,retail,28,238668,237189,225162,342,25,0,686,2,West,Manufacturing,own,divorced,0,2021
455,retail,39,401924,952324,19996,338,5,0,640,4,East,Services,own,divorced,0,2024
844,corporate,23,858521,160653,233510,40,7,0,648,3,South,Finance,own,single,0,2023
844,corporate,23,858521,160653,233510,40,7,0,648,3,South,Finance,own,single,0,2023
829,corporate,65,657365,517831,210727,127,16,1,639,4,South,Retail,mortgage,married,0,2024
193,corporate,41,690340,882328,235497,148,39,0,725,4,West,Finance,rent,married,1,2023
604,retail,38,777220,251133,181698,289,31,1,729,5,North,Technology,mortgage,divorced,1,2024
38,retail,70,1158806,623859,221552,7,24,0,668,5,North,Manufacturing,mortgage,single,0,2021
376,retail,56,568267,569351,133653,11,33,0,669,2,West,Retail,rent,divorced,0,2022
822,retail,19,718302,29477,45619,59,21,0,675,3,South,Finance,rent,married,1,2023
811,corporate,18,326806,539274,83014,159,16,0,651,4,South,Finance,own,divorced,0,2024
457,retail,70,399430,65745,86598,135,33,0,600,3,South,Retail,rent,single,0,2023
119,corporate,22,857650,250016,169578,249,24,0,546,3,West,Retail,own,single,0,2022
586,retail,39,336987,735453,81159,113,28,1,593,1,East,Manufacturing,rent,single,0,2024
751,retail,41,363981,72021,22439,13,12,1,654,7,West,Retail,mortgage,single,1,2020
118,retail,37,1140669,775348,130299,298,20,0,715,6,North,Manufacturing,mortgage,single,0,2021
986,retail,39,1135132,784168,72391,270,20,0,670,5,South,Technology,rent,divorced,0,2020
792,retail,43,644178,604821,158302,273,28,1,635,2,West,Retail,own,married,0,2021
55,retail,56,992981,240604,10442,121,8,0,671,5,East,Finance,mortgage,single,0,2024
522,retail,32,812212,635043,12226,121,20,0,742,6,West,Technology,rent,married,0,2022
287,retail,70,494710,948467,231324,168,6,0,679,7,East,Finance,own,single,0,2020
961,retail,61,1080370,711160,126083,215,31,0,642,4,South,Finance,own,married,0,2021
460,retail,41,703343,936215,166782,84,12,0,654,5,North,Manufacturing,own,single,0,2020
918,corporate,72,1040083,69778,217127,23,3,0,680,5,East,Retail,mortgage,married,0,2024
102,retail,69,539954,794282,91829,144,33,0,646,5,West,Manufacturing,mortgage,single,0,2021
661,retail,31,1007342,121435,11094,319,16,0,616,7,North,Technology,mortgage,single,0,2020
656,retail,55,313834,48578,39850,339,20,1,629,1,South,Finance,mortgage,divorced,0,2021
135,corporate,70,840658,826228,172166,88,26,1,800,1,West,Technology,own,single,0,2020
882,retail,19,306951,493455,120747,6,9,0,685,2,East,Finance,rent,divorced,0,2021
490,corporate,63,220202,663015,38712,290,26,1,625,2,North,Manufacturing,mortgage,single,0,2022
664,retail,42,725919,892174,5741,41,36,1,693,1,East,Services,mortgage,married,0,2023
860,retail,18,283004,498765,149335,249,25,1,657,1,South,Services,rent,divorced,0,2020
121,corporate,47,786308,248038,222542,219,5,0,671,5,North,Finance,rent,divorced,0,2024
143,retail,21,157967,588328,138368,301,26,1,568,2,North,Services,rent,married,0,2020
893,corporate,70,325767,629064,234296,288,6,0,674,5,North,Retail,rent,divorced,0,2023
611,retail,61,959178,372916,215820,338,29,1,623,4,West,Services,mortgage,married,0,2022
488,retail,29,408635,380858,16999,129,19,1,648,4,East,Services,rent,married,0,2023
23,retail,62,355768,960708,130970,333,12,0,660,7,North,Technology,own,married,1,2024
23,retail,62,355768,960708,130970,333,12,0,660,7,North,Technology,own,married,1,2024
390,corporate,44,654409,205877,179009,252,6,1,683,3,South,Technology,rent,single,0,2021
282,retail,40,833404,685453,49170,315,34,0,656,3,South,Retail,mortgage,divorced,0,2024
858,retail,38,702004,303946,12453,69,8,1,632,7,South,Retail,mortgage,divorced,0,2021
634,retail,20,1091768,944468,245091,231,10,1,537,1,East,Technology,mortgage,married,0,2024
880,retail,31,618466,85277,190359,223,11,1,630,1,South,Finance,rent,married,0,2022
329,retail,37,671608,533406,163202,213,31,0,699,1,North,Technology,mortgage,single,1,2021
751,retail,41,363981,72021,22439,13,12,1,654,7,West,Retail,mortgage,single,1,2022
722,retail,64,635757,445928,175507,331,25,1,751,4,West,Technology,rent,divorced,0,2024
764,corporate,40,405948,718672,177295,172,18,0,587,4,North,Technology,rent,married,0,2022
88,retail,72,1165416,744983,164530,176,0,0,709,2,South,Manufacturing,rent,divorced,1,2023
705,retail,74,1174729,149784,917,211,23,0,750,7,West,Manufacturing,own,divorced,0,2020
729,retail,19,1005080,394193,114894,252,3,0,573,1,East,Retail,mortgage,divorced,0,2020
723,retail,32,332024,930114,135601,100,13,0,608,2,West,Technology,own,single,0,2021
659,retail,71,467013,872147,113711,167,23,0,680,3,West,Finance,mortgage,divorced,0,2021
681,corporate,53,905111,492488,220837,109,18,1,682,4,West,Finance,rent,married,1,2023
501,retail,49,1015139,512648,232654,153,21,0,632,2,East,Manufacturing,rent,single,0,2022
912,retail,61,1039497,417472,58870,208,25,1,791,2,West,Services,rent,married,1,2024
159,retail,21,1056295,428815,113499,15,10,0,622,5,West,Retail,mortgage,married,1,2021
707,retail,37,524226,325018,226112,48,24,1,627,2,North,Services,own,single,0,2021
548,retail,28,429215,40099,180217,168,6,1,609,2,West,Technology,rent,married,0,2023
200,corporate,64,553850,983125,23408,117,31,0,691,4,East,Retail,own,divorced,0,2024
183,corporate,66,343718,128581,69463,251,22,1,626,3,South,Manufacturing,own,divorced,0,2020
484,retail,68,770399,149227,39178,156,13,1,589,4,East,Services,rent,married,1,2020
712,retail,64,352416,602656,16999,88,28,0,649,5,East,Manufacturing,mortgage,divorced,0,2024
277,corporate,60,274447,65350,8328,168,15,0,647,5,South,Manufacturing,mortgage,divorced,1,2023
439,corporate,20,639066,368710,195784,303,37,0,750,1,West,Finance,mortgage,married,1,2023
773,retail,59,1036364,345299,185271,91,39,0,697,2,East,Finance,own,divorced,0,2023
246,corporate,46,298702,666761,64925,252,1,0,608,1,West,Services,rent,divorced,0,2021
481,retail,25,688645,880820,190121,180,28,0,666,1,South,Services,rent,single,0,2022
870,corporate,49,276060,618814,134445,143,7,1,631,1,West,Services,rent,married,0,2024
578,corporate,72,371373,745430,98046,326,4,0,689,5,South,Manufacturing,mortgage,married,0,2021
186,retail,37,680836,716528,242998,163,15,1,569,7,West,Technology,own,divorced,0,2022
833,retail,30,899122,938758,206903,284,7,0,590,1,North,Finance,own,married,0,2024
204,corporate,31,747218,289067,17413,154,29,1,687,2,South,Retail,rent,single,0,2020
712,retail,64,352416,602656,16999,88,28,0,649,1,East,Manufacturing,mortgage,divorced,0,2024
130,retail,35,843045,890662,7352,293,14,0,664,3,North,Retail,rent,divorced,1,2024
152,retail,41,373894,397881,31781,30,36,0,714,3,West,Retail,own,married,0,2023
939,retail,63,480170,864568,202166,38,25,0,587,3,East,Services,mortgage,married,0,2020
189,retail,52,652420,511590,241503,121,18,1,606,3,West,Technology,rent,divorced,1,2022
909,retail,23,544423,906473,116841,35,22,0,613,3,West,Services,own,married,0,2022
752,corporate,60,415888,702485,118570,34,22,1,597,2,South,Technology,own,divorced,0,2020
744,retail,68,525960,636256,156452,63,27,0,688,2,West,Technology,rent,divorced,0,2023
417,retail,32,157531,155051,130526,30,33,0,755,1,North,Retail,rent,divorced,0,2023
211,retail,45,454224,174074,223861,143,39,0,554,2,West,Technology,rent,married,0,2023
666,retail,19,1002746,856574,203446,27,16,0,580,3,North,Manufacturing,own,divorced,0,2022
816,retail,70,898736,656238,223507,314,11,0,473,4,North,Finance,mortgage,single,0,2024
237,retail,30,799714,765728,246356,95,36,0,710,2,North,Technology,mortgage,single,0,2020
86,retail,61,343783,72551,110317,144,13,0,714,5,South,Finance,rent,divorced,0,2021
17,retail,35,199104,519492,50516,119,22,1,658,1,North,Technology,rent,single,0,2022
673,retail,19,551067,202029,22164,153,19,1,673,4,North,Manufacturing,mortgage,divorced,0,2023
673,retail,19,551067,202029,22164,153,19,1,673,4,North,Manufacturing,mortgage,divorced,0,2023
306,corporate,34,179725,759468,84607,49,5,1,608,4,East,Finance,mortgage,divorced,0,2020
95,corporate,30,684003,969131,155242,347,27,0,726,3,South,Services,rent,married,0,2023
461,retail,25,455035,226204,123099,77,17,0,658,3,West,Services,own,divorced,0,2021
839,retail,55,1086197,943703,177244,34,10,0,622,1,East,Manufacturing,rent,divorced,0,2023
811,corporate,18,326806,539274,83014,159,16,0,651,3,South,Finance,own,divorced,0,2020
102,retail,69,539954,794282,91829,144,33,0,646,3,West,Manufacturing,mortgage,single,0,2024
315,corporate,36,565872,770278,15810,322,10,1,600,4,East,Services,rent,single,0,2020
691,retail,33,823590,274852,236213,51,1,0,732,4,West,Services,mortgage,married,0,2023
730,retail,26,696495,817015,86795,134,25,0,697,2,South,Retail,own,married,0,2024
689,corporate,71,1129448,146213,19610,322,31,0,706,5,North,Finance,rent,married,0,2024
338,corporate,34,820739,463830,233269,264,2,1,573,3,South,Retail,mortgage,divorced,0,2022
803,retail,66,1184262,252188,35903,70,34,0,570,3,East,Technology,mortgage,married,0,2021
383,retail,49,278046,94703,118094,342,0,1,648,3,West,Technology,rent,married,0,2022
528,retail,57,827160,136310,219103,55,26,0,596,6,East,Manufacturing,rent,divorced,0,2021
790,corporate,72,1196161,169034,187655,245,14,0,700,1,North,Retail,own,married,0,2023
939,retail,63,480170,864568,202166,38,25,0,587,3,East,Services,mortgage,married,0,2020
434,retail,20,290905,968820,78542,214,21,0,563,2,North,Technology,own,divorced,0,2022
232,retail,43,789341,304025,247407,312,2,1,628,3,North,Technology,mortgage,divorced,0,2024
573,retail,62,683634,725339,133175,311,25,1,641,2,North,Services,own,divorced,0,2022
749,corporate,70,435521,356184,108106,345,22,1,692,2,North,Finance,mortgage,divorced,1,2021
547,retail,24,1066383,122492,25939,164,15,0,653,4,East,Finance,rent,single,1,2022
783,retail,55,370972,822832,173860,120,10,0,553,3,South,Retail,rent,single,0,2023
350,retail,29,793942,922743,25963,130,35,0,719,3,West,Services,mortgage,married,0,2024
576,corporate,72,579332,76668,175607,230,35,0,628,4,West,Retail,rent,divorced,0,2023
796,corporate,67,1029979,675938,55571,47,20,1,693,3,East,Services,rent,single,0,2023
782,retail,49,839984,381513,248019,245,4,0,715,2,East,Services,rent,married,1,2020
955,retail,43,755730,13849,127992,185,23,0,602,2,South,Services,rent,married,0,2023
554,retail,43,1110374,489336,29063,293,36,0,679,4,North,Retail,own,married,0,2024
474,corporate,49,992150,628071,197097,330,17,1,634,1,East,Services,mortgage,single,0,2023
5,retail,36,448185,523313,30981,195,37,1,693,2,South,Retail,rent,single,0,2023
574,retail,25,340237,267906,65901,100,32,1,529,5,West,Technology,own,married,0,2024
929,retail,38,571614,145189,114091,49,33,1,790,1,South,Finance,rent,divorced,0,2021
610,retail,45,1023093,448242,60815,230,33,0,620,1,East,Technology,own,married,0,2024
270,retail,70,557507,877461,44942,95,17,0,727,4,North,Finance,own,divorced,0,2021
129,retail,21,312624,868286,126649,63,22,1,657,4,North,Technology,own,divorced,0,2020
941,retail,46,916988,729979,44739,17,11,1,668,5,West,Retail,mortgage,single,0,2024
879,retail,63,543574,972774,153837,137,31,0,647,4,East,Finance,own,divorced,0,2024
448,corporate,61,1075431,821804,77299,149,3,1,632,5,West,Technology,own,divorced,0,2024
244,retail,62,189279,893096,201365,189,8,0,644,4,South,Retail,rent,divorced,0,2021
723,retail,32,332024,930114,135601,100,13,0,608,1,West,Technology,own,single,0,2024
719,retail,61,1181008,959349,59821,138,6,0,664,5,South,Retail,own,single,0,2020
264,retail,65,176806,605642,231670,213,12,0,633,3,East,Technology,mortgage,married,1,2021
504,corporate,19,264586,489083,52953,324,28,1,635,3,South,Retail,rent,single,0,2021
117,corporate,56,341703,401858,224881,124,39,0,622,4,West,Services,mortgage,married,0,2023
218,corporate,59,571818,72507,113053,10,14,1,647,1,South,Technology,rent,divorced,0,2020
434,retail,20,290905,968820,78542,214,21,0,563,2,North,Technology,own,divorced,0,2020
871,retail,66,280544,411062,141407,311,20,1,678,5,North,Manufacturing,rent,single,0,2024
131,retail,54,1141469,357860,210124,110,32,0,742,4,East,Finance,rent,single,0,2020
656,retail,55,313834,48578,39850,339,20,1,629,1,South,Finance,mortgage,divorced,0,2022
30,retail,34,407681,396328,231800,320,23,1,565,6,West,Services,mortgage,divorced,0,2021
272,corporate,53,1029903,947951,102811,150,19,0,567,1,East,Services,mortgage,divorced,0,2020
40,retail,26,1047767,929093,123030,215,25,0,577,6,East,Manufacturing,own,married,0,2020
699,retail,22,1184586,406489,131642,266,34,1,558,4,South,Finance,own,married,1,2020
454,corporate,74,645479,810554,172075,193,35,0,617,2,South,Services,rent,divorced,1,2020
584,retail,35,585071,279956,120721,285,15,0,602,2,West,Manufacturing,own,divorced,0,2024
940,retail,44,271668,121541,190246,234,39,0,658,3,West,Finance,own,married,0,2024
239,retail,22,242601,701381,123364,225,35,0,681,3,South,Retail,own,single,1,2020
655,retail,22,903704,723087,33340,115,20,0,672,4,East,Technology,own,married,0,2023
83,retail,33,460375,823349,1014,237,34,0,635,2,West,Finance,own,divorced,0,2024
801,corporate,64,714046,403605,78768,235,7,1,614,3,South,Retail,mortgage,divorced,0,2024
811,corporate,18,326806,539274,83014,159,16,0,651,3,South,Finance,own,divorced,0,2021
799,retail,43,753291,835626,5750,103,10,1,662,3,East,Finance,mortgage,married,0,2022
682,retail,62,373563,402573,79768,248,25,0,568,3,West,Finance,mortgage,single,0,2021
593,retail,27,750517,397699,35503,17,33,0,644,3,West,Retail,mortgage,married,0,2024
214,retail,20,702959,298816,76240,205,25,0,661,3,North,Technology,mortgage,single,0,2023
53,corporate,35,285327,655822,152353,60,26,1,628,4,West,Finance,rent,single,0,2021
190,retail,67,304249,379836,179588,219,32,0,698,2,North,Retail,own,single,0,2022
496,retail,45,974255,446679,207581,69,18,1,667,5,North,Retail,own,single,0,2023
863,retail,32,810858,914680,146902,222,21,1,639,5,South,Services,own,divorced,0,2023
529,retail,28,469972,947562,37019,343,20,0,684,2,West,Finance,rent,divorced,0,2021
717,corporate,66,899971,938660,129744,217,19,0,650,2,North,Services,rent,single,1,2023
436,corporate,61,461877,860193,245144,263,21,0,719,2,West,Retail,mortgage,married,0,2022
149,retail,56,1085772,277986,106616,292,12,1,600,2,North,Retail,own,married,0,2021
842,retail,55,400100,141184,173115,275,20,0,634,3,West,Manufacturing,own,divorced,0,2024
694,retail,27,1154949,329759,178646,49,16,1,613,1,East,Manufacturing,own,single,0,2023
673,retail,19,551067,202029,22164,153,19,1,673,4,North,Manufacturing,mortgage,divorced,0,2023
673,retail,19,551067,202029,22164,153,19,1,673,4,North,Manufacturing,mortgage,divorced,0,2023
618,retail,58,852098,696268,201202,190,15,1,543,1,South,Technology,own,single,0,2023
959,retail,24,948022,629055,132702,140,39,0,727,2,South,Manufacturing,own,single,0,2024
225,retail,51,373332,783221,1700,354,1,1,727,4,South,Finance,rent,married,0,2022
175,retail,20,483373,121715,223543,356,35,1,650,4,East,Finance,own,single,1,2020
804,retail,29,232279,386047,203561,237,13,0,650,4,North,Services,own,married,1,2021
555,corporate,20,527501,777876,90880,327,11,1,660,5,South,Technology,mortgage,single,0,2024
976,retail,24,171281,844874,54722,90,35,0,589,3,North,Finance,mortgage,married,0,2024
211,retail,45,454224,174074,223861,143,39,0,554,2,West,Technology,rent,married,0,2022
975,retail,71,899078,680798,75485,190,14,1,564,2,West,Technology,mortgage,divorced,0,2023
2,corporate,29,255111,544638,12905,354,34,1,706,1,West,Technology,own,single,0,2021
199,corporate,73,613547,858923,161888,118,5,1,671,4,North,Technology,mortgage,divorced,0,2021
363,retail,68,467650,85451,4994,127,22,1,629,1,South,Services,mortgage,married,0,2020
884,retail,26,992210,132332,210747,183,25,1,633,6,South,Technology,rent,single,1,2023
132,retail,42,295788,677540,88835,233,20,0,698,3,North,Retail,own,married,0,2021
705,retail,74,1174729,149784,917,211,23,0,750,7,West,Manufacturing,own,divorced,0,2020
117,corporate,56,341703,401858,224881,124,39,0,622,4,West,Services,mortgage,married,0,2023
789,retail,18,622501,623079,146232,216,8,1,703,2,North,Retail,own,single,0,2023
100,retail,56,709873,566690,174875,238,25,0,659,2,West,Services,rent,married,0,2021
10,corporate,40,801844,997767,82289,259,7,1,680,1,East,Services,own,married,0,2021
624,retail,32,396183,481017,193839,165,1,1,644,2,West,Manufacturing,mortgage,divorced,0,2021
990,corporate,45,1017239,70272,243896,47,12,0,728,2,North,Services,mortgage,married,0,2022
158,corporate,69,851692,684331,166601,287,5,0,664,2,East,Technology,own,single,0,2021
246,corporate,46,298702,666761,64925,252,1,0,608,1,West,Services,rent,divorced,0,2020
775,corporate,25,374605,837760,105686,116,31,1,635,1,North,Technology,mortgage,divorced,0,2021
918,corporate,72,1040083,69778,217127,23,3,0,680,5,East,Retail,mortgage,married,0,2023
999,corporate,25,790473,611160,95408,353,11,1,581,3,South,Technology,mortgage,married,0,2022
221,retail,57,730780,251225,51925,316,4,0,611,5,East,Technology,own,married,1,2023
597,retail,71,695735,442680,172330,310,2,1,579,5,West,Manufacturing,rent,divorced,0,2020
246,corporate,46,298702,666761,64925,252,1,0,608,4,West,Services,rent,divorced,0,2024
335,retail,34,701120,179530,161147,242,7,0,638,2,South,Services,own,divorced,0,2023
645,retail,65,717760,506965,96393,83,1,0,589,3,South,Technology,own,single,0,2023
2,corporate,29,255111,544638,12905,354,34,1,706,1,West,Technology,own,single,0,2021
395,retail,45,811757,992605,180755,81,13,1,573,4,East,Services,mortgage,married,0,2024
510,corporate,50,425709,574983,135958,50,16,0,585,5,East,Finance,mortgage,married,0,2024
334,retail,44,841211,642336,178969,357,28,0,527,2,East,Technology,own,married,0,2022
294,retail,31,294129,389039,43937,31,17,1,702,1,West,Finance,own,divorced,0,2020
821,corporate,45,938443,337031,228255,123,20,1,642,1,North,Retail,rent,married,1,2024
959,retail,24,948022,629055,132702,140,39,0,727,5,South,Manufacturing,own,single,0,2024
243,corporate,57,753103,989114,144989,191,9,0,625,3,South,Retail,own,married,0,2021
973,corporate,37,1087635,196633,123099,139,31,0,683,2,East,Manufacturing,mortgage,divorced,0,2024
82,retail,50,336994,972261,97088,112,18,0,650,4,West,Retail,mortgage,single,0,2023
417,retail,32,157531,155051,130526,30,33,0,755,1,North,Retail,rent,divorced,0,2020
877,corporate,52,617243,389270,66983,193,17,1,655,3,North,Services,rent,single,0,2023
608,retail,54,200939,335497,242014,303,6,0,691,7,South,Finance,mortgage,single,0,2021
900,retail,65,389779,413777,130956,256,36,0,666,5,North,Manufacturing,rent,single,0,2020
910,retail,63,740381,662755,140558,163,10,0,748,3,North,Services,own,married,0,2024
822,retail,19,718302,29477,45619,59,21,0,675,3,South,Finance,rent,married,1,2021
522,retail,32,812212,635043,12226,121,20,0,742,6,West,Technology,rent,married,0,2023
337,corporate,39,432017,148731,129048,292,34,1,605,4,East,Finance,rent,married,0,2023
714,retail,29,717344,351102,141013,195,27,1,593,2,South,Retail,own,single,0,2021
958,retail,28,234761,787567,164109,264,22,0,608,4,West,Technology,own,single,0,2021
474,corporate,49,992150,628071,197097,330,17,1,634,1,East,Services,mortgage,single,0,2021
754,retail,42,437139,52291,14995,166,1,1,698,2,West,Manufacturing,mortgage,divorced,0,2020
437,retail,70,716088,246562,92067,337,33,1,630,1,East,Technology,rent,married,1,2022
624,retail,32,396183,481017,193839,165,1,1,644,2,West,Manufacturing,mortgage,divorced,0,2022
669,retail,34,610244,163484,68798,341,28,0,639,7,North,Retail,mortgage,married,0,2023
597,retail,71,695735,442680,172330,310,2,1,579,5,West,Manufacturing,rent,divorced,0,2022
111,retail,61,907771,101218,63610,278,27,1,661,7,South,Services,mortgage,married,1,2020
530,corporate,20,418854,685673,176020,10,15,1,642,1,West,Technology,rent,single,0,2020
96,retail,35,668652,378266,8024,107,32,0,668,4,North,Finance,own,married,0,2023
325,corporate,54,910109,512367,39082,244,38,1,673,6,East,Retail,own,married,0,2023
271,corporate,59,1013403,890006,3453,146,10,0,613,2,East,Technology,own,married,0,2021
550,corporate,33,423349,433177,153939,194,18,0,571,4,South,Services,own,married,0,2023
809,retail,21,478821,307675,179297,322,33,0,658,4,North,Retail,mortgage,married,0,2022
722,retail,64,635757,445928,175507,331,25,1,751,5,West,Technology,rent,divorced,0,2020
96,retail,35,668652,378266,8024,107,32,0,668,4,North,Finance,own,married,0,2021
768,corporate,40,214200,841246,215558,107,35,0,705,2,East,Finance,mortgage,married,0,2023
287,retail,70,494710,948467,231324,168,6,0,679,7,East,Finance,own,single,0,2023
513,corporate,43,697936,65841,162527,146,22,1,558,1,South,Retail,rent,divorced,0,2022
805,retail,44,165434,863823,163165,333,13,0,719,5,East,Technology,mortgage,married,0,2022
711,corporate,54,868675,823560,149134,278,7,0,589,2,North,Retail,mortgage,married,1,2022
177,retail,23,508918,746129,134678,145,33,1,674,2,South,Retail,rent,divorced,0,2024
177,retail,23,508918,746129,134678,145,33,1,674,2,South,Retail,rent,divorced,0,2024
69,retail,72,604179,580442,66897,336,38,1,624,5,East,Manufacturing,own,divorced,0,2020
832,retail,70,510890,296479,168171,220,5,0,612,5,West,Finance,rent,divorced,0,2023
832,retail,70,510890,296479,168171,220,5,0,612,5,West,Finance,rent,divorced,0,2023
457,retail,70,399430,65745,86598,135,33,0,600,4,South,Retail,rent,single,0,2024
721,corporate,45,286554,794192,249265,290,25,0,692,4,West,Finance,mortgage,divorced,0,2024
808,corporate,63,487913,330146,165386,272,37,1,686,4,North,Retail,own,divorced,1,2023
506,retail,50,681111,863164,191665,229,0,0,652,5,East,Services,rent,married,0,2024
584,retail,35,585071,279956,120721,285,15,0,602,3,West,Manufacturing,own,divorced,0,2023
823,retail,67,1079242,420482,176910,121,3,1,652,6,West,Manufacturing,own,married,0,2023
636,retail,35,615982,788493,96462,281,24,0,629,3,West,Manufacturing,own,married,0,2021
999,corporate,25,790473,611160,95408,353,11,1,581,5,South,Technology,mortgage,married,0,2024
896,retail,42,752276,720205,121015,151,20,1,648,6,North,Retail,mortgage,married,1,2020
541,corporate,25,360545,598099,43395,142,6,0,704,6,North,Retail,mortgage,divorced,0,2022
188,retail,59,354366,348540,133663,345,0,0,752,6,East,Finance,rent,married,0,2023
82,retail,50,336994,972261,97088,112,18,0,650,4,West,Retail,mortgage,single,0,2020
159,retail,21,1056295,428815,113499,15,10,0,622,5,West,Retail,mortgage,married,1,2021
952,retail,66,1094447,924565,71045,122,6,0,683,2,South,Finance,rent,divorced,0,2023
700,retail,37,1153429,712495,228862,114,7,0,493,7,North,Technology,rent,single,0,2020
659,retail,71,467013,872147,113711,167,23,0,680,3,West,Finance,mortgage,divorced,0,2020
3,corporate,33,579667,761518,121759,260,5,0,627,3,West,Finance,own,divorced,0,2024
319,retail,58,450931,122217,111718,70,2,0,718,4,West,Finance,own,married,0,2021
378,retail,72,183787,742081,2763,328,39,1,636,2,West,Technology,rent,single,0,2020
137,retail,32,173429,521511,185194,257,23,1,616,1,East,Manufacturing,own,divorced,0,2021
975,retail,71,899078,680798,75485,190,14,1,564,2,West,Technology,mortgage,divorced,0,2023
48,retail,48,222240,935748,219128,274,12,0,665,2,South,Manufacturing,own,single,1,2023
755,retail,67,708830,438276,23559,136,19,1,611,6,North,Services,own,single,0,2023
253,corporate,44,1093693,709151,89037,106,28,0,685,5,North,Retail,mortgage,single,1,2021
135,corporate,70,840658,826228,172166,88,26,1,800,1,West,Technology,own,single,0,2022
533,corporate,23,369055,849953,197530,80,15,0,630,4,East,Retail,own,married,0,2024
743,corporate,66,580599,532552,116545,198,20,1,641,2,South,Services,own,married,0,2020
179,corporate,22,438859,301464,163900,92,15,0,675,5,North,Manufacturing,mortgage,single,0,2024
776,retail,67,353047,211554,88151,347,18,0,576,2,West,Retail,rent,divorced,0,2020
767,corporate,37,1013349,347369,153322,280,12,0,724,1,North,Retail,rent,divorced,1,2023
594,retail,68,188547,504700,227354,200,32,0,625,5,East,Finance,own,married,0,2024
953,retail,30,490093,699870,168914,276,25,0,610,3,South,Technology,own,single,0,2023
777,retail,38,959217,821050,3327,48,5,0,716,2,South,Manufacturing,mortgage,married,1,2021
879,retail,63,543574,972774,153837,137,31,0,647,2,East,Finance,own,divorced,0,2022
850,retail,36,352747,863392,135203,98,21,0,622,2,East,Services,own,divorced,0,2024
519,corporate,43,360097,620032,102638,236,33,0,631,2,West,Manufacturing,own,single,0,2024
945,retail,25,764390,299134,109373,251,17,1,646,2,East,Services,own,single,0,2023
443,retail,42,516008,958377,163244,246,0,0,664,3,South,Finance,own,divorced,1,2020
355,retail,24,218099,608506,717,202,31,0,611,6,East,Retail,mortgage,married,0,2022
784,retail,22,358944,191517,115945,31,14,1,630,1,South,Manufacturing,rent,single,0,2024
666,retail,19,1002746,856574,203446,27,16,0,580,3,North,Manufacturing,own,divorced,0,2021
161,retail,37,835154,601202,49393,328,5,1,689,3,South,Technology,mortgage,married,0,2024
686,retail,28,238668,237189,225162,342,25,0,686,2,West,Manufacturing,own,divorced,0,2022
828,retail,42,1193659,521181,26616,12,11,1,581,1,South,Technology,mortgage,married,0,2020
804,retail,29,232279,386047,203561,237,13,0,650,4,North,Services,own,married,1,2023
497,retail,37,430852,740031,6859,170,21,0,713,2,North,Services,mortgage,single,0,2021
318,retail,27,625584,772371,230192,55,27,0,662,2,South,Manufacturing,own,single,0,2022
421,corporate,25,1090756,647199,64925,99,38,0,705,2,North,Manufacturing,mortgage,divorced,0,2020
798,retail,34,823218,683984,128308,299,20,1,662,2,West,Services,rent,single,0,2020
400,corporate,54,961554,863725,241372,118,36,1,563,2,South,Services,own,single,0,2020
975,retail,71,899078,680798,75485,190,14,1,564,2,West,Technology,mortgage,divorced,0,2020
898,corporate,22,300023,239577,246536,21,17,0,639,4,North,Services,rent,divorced,0,2023
278,retail,62,270029,603849,15534,19,23,0,608,1,South,Technology,rent,married,0,2023
530,corporate,20,418854,685673,176020,10,15,1,642,1,West,Technology,rent,single,0,2022
187,corporate,66,791269,430963,243501,154,8,0,695,3,North,Services,mortgage,single,0,2022
897,retail,29,657732,638380,172257,161,1,0,536,3,South,Technology,own,single,0,2023
494,retail,71,774446,618577,10625,111,23,0,604,6,East,Technology,rent,single,0,2021
290,retail,48,1161967,459763,136690,202,24,0,622,1,West,Services,rent,married,0,2022
927,retail,32,564299,86361,65982,242,11,1,729,2,North,Technology,mortgage,single,0,2022
323,retail,32,839556,152980,36413,319,25,1,727,4,East,Technology,own,married,1,2020
1,retail,64,382601,466887,2093,292,14,1,779,2,West,Retail,mortgage,married,0,2020
813,retail,48,1149430,273625,117305,56,2,1,708,4,North,Finance,rent,married,0,2021
832,retail,70,510890,296479,168171,220,5,0,612,5,West,Finance,rent,divorced,0,2023
832,retail,70,510890,296479,168171,220,5,0,612,5,West,Finance,rent,divorced,0,2023
226,retail,41,875836,814631,93782,202,28,0,654,4,West,Manufacturing,own,married,1,2024
333,retail,21,816165,878584,141727,289,0,0,609,5,East,Retail,mortgage,divorced,0,2024
341,retail,18,948519,436009,51831,285,26,1,620,2,South,Services,rent,single,0,2022
570,retail,72,1177557,56002,85679,346,6,0,630,1,West,Retail,rent,divorced,0,2020
180,retail,71,964037,555096,126270,181,33,0,640,6,North,Retail,own,single,0,2020
972,corporate,53,781040,483048,120951,177,27,0,683,5,North,Technology,rent,married,0,2024
104,retail,66,168073,506043,86664,310,39,1,642,5,East,Services,own,divorced,0,2023
550,corporate,33,423349,433177,153939,194,18,0,571,4,South,Services,own,married,0,2021
887,retail,43,844780,99116,248976,13,22,0,587,3,East,Retail,rent,divorced,0,2020
885,corporate,20,712060,244231,177597,194,24,1,714,4,East,Retail,rent,married,0,2022
541,corporate,25,360545,598099,43395,142,6,0,704,6,North,Retail,mortgage,divorced,0,2021
63,corporate,51,799829,415453,67087,313,2,1,593,1,East,Services,own,divorced,1,2020
2,corporate,29,255111,544638,12905,354,34,1,706,1,West,Technology,own,single,0,2020
386,corporate,31,791147,770084,11064,296,13,0,675,6,West,Services,own,married,0,2023
405,retail,22,919097,577815,205005,207,19,0,611,4,East,Manufacturing,rent,married,0,2020
874,retail,55,756590,580508,178367,166,38,1,529,2,South,Technology,rent,single,0,2021
680,corporate,73,641862,944093,52691,154,36,0,604,7,South,Technology,own,divorced,0,2023
803,retail,66,1184262,252188,35903,70,34,0,570,1,East,Technology,mortgage,married,0,2024
515,retail,56,168658,208784,147839,226,14,1,703,5,West,Retail,mortgage,married,0,2024
151,corporate,63,210545,863284,67173,242,19,0,717,1,South,Services,mortgage,single,0,2021
113,corporate,74,817689,509909,107237,152,7,0,701,1,West,Technology,rent,divorced,0,2023
75,corporate,66,936639,588526,174398,145,17,0,698,2,North,Technology,own,married,0,2021
686,retail,28,238668,237189,225162,342,25,0,686,2,West,Manufacturing,own,divorced,0,2020
136,retail,63,1118616,985776,101948,191,17,0,681,5,East,Retail,mortgage,single,0,2022
992,retail,43,734054,707411,222751,335,15,0,526,1,South,Finance,rent,divorced,0,2023
598,retail,32,356402,183423,164796,149,31,0,704,2,South,Finance,mortgage,single,0,2020
295,retail,30,1178308,538714,200796,308,27,0,659,3,South,Technology,mortgage,married,1,2020
701,retail,25,714485,374986,19288,288,35,0,660,2,North,Services,own,single,0,2023
817,retail,65,849539,944339,200753,93,38,0,672,5,South,Technology,mortgage,married,1,2021
203,retail,21,375019,488356,131208,23,9,0,633,1,North,Retail,own,married,0,2020
534,retail,26,884417,55740,117603,170,27,1,598,2,North,Retail,mortgage,married,0,2021
423,retail,42,282503,69234,33665,30,4,1,680,3,North,Technology,own,single,0,2023
664,retail,42,725919,892174,5741,41,36,1,693,1,East,Services,mortgage,married,0,2024
876,retail,28,897028,406981,165129,241,32,0,594,3,East,Finance,rent,married,0,2024
18,retail,42,1109125,824886,225646,281,15,1,669,3,North,Manufacturing,mortgage,married,0,2022
948,corporate,53,1103692,140356,224108,34,21,0,533,3,North,Services,own,single,0,2022
118,retail,37,1140669,775348,130299,298,20,0,715,6,North,Manufacturing,mortgage,single,0,2022
636,retail,35,615982,788493,96462,281,24,0,629,1,West,Manufacturing,own,married,0,2024
962,retail,27,478768,531658,88059,241,14,0,607,5,West,Retail,mortgage,married,0,2022
229,corporate,25,1024772,673376,175661,245,9,0,563,4,South,Retail,own,divorced,0,2022
344,retail,73,1019049,893194,121948,164,15,0,642,2,North,Retail,mortgage,married,1,2020
988,retail,38,646762,837675,139335,220,38,0,681,3,South,Technology,mortgage,single,0,2023
849,retail,40,1133825,157595,16351,243,20,0,767,7,East,Services,rent,single,0,2022
792,retail,43,644178,604821,158302,273,28,1,635,2,West,Retail,own,married,0,2022
343,retail,43,1183316,318617,249664,176,26,1,663,1,West,Finance,mortgage,divorced,0,2022
889,retail,65,1021522,852065,216310,297,39,0,804,4,South,Finance,rent,married,0,2022
575,corporate,46,1006047,118946,243386,214,14,1,577,2,North,Manufacturing,rent,single,0,2022
449,retail,37,216707,800074,20176,267,17,1,698,3,East,Technology,mortgage,single,0,2021
128,corporate,67,1000741,924313,46218,313,17,1,601,4,West,Finance,own,divorced,0,2023
425,retail,46,814917,827711,173311,121,19,1,683,2,South,Technology,rent,married,0,2020
493,retail,33,340706,670327,33722,280,0,1,706,2,North,Finance,own,married,0,2020
773,retail,59,1036364,345299,185271,91,39,0,697,2,East,Finance,own,divorced,0,2022
61,retail,61,401051,497030,214176,185,3,0,693,3,East,Technology,rent,divorced,0,2021
159,retail,21,1056295,428815,113499,15,10,0,622,5,West,Retail,mortgage,married,1,2021
504,corporate,19,264586,489083,52953,324,28,1,635,3,South,Retail,rent,single,0,2024
79,retail,42,320963,959401,207234,195,11,0,640,7,West,Manufacturing,own,married,1,2021
987,retail,71,309292,851708,215286,155,26,0,605,1,East,Technology,mortgage,married,0,2020
478,retail,50,933301,509797,118333,289,21,0,634,6,East,Retail,own,married,0,2022
66,retail,60,421830,214535,58671,6,5,1,694,2,North,Finance,own,married,0,2020
368,corporate,63,325006,832513,34872,293,5,1,626,1,South,Manufacturing,rent,single,0,2021
915,retail,38,1123619,660443,43856,273,12,0,621,1,West,Retail,rent,divorced,0,2022
390,corporate,44,654409,205877,179009,252,6,1,683,3,South,Technology,rent,single,0,2021
143,retail,21,157967,588328,138368,301,26,1,568,1,North,Services,rent,married,0,2024
129,retail,21,312624,868286,126649,63,22,1,657,4,North,Technology,own,divorced,0,2022
826,corporate,50,661603,399959,57124,80,18,1,613,4,North,Technology,rent,single,0,2023
826,corporate,50,661603,399959,57124,80,18,1,613,4,North,Technology,rent,single,0,2023
787,retail,64,157461,449030,52446,142,22,1,738,4,East,Manufacturing,own,single,0,2021
867,retail,42,524313,394890,220534,215,37,0,618,5,East,Retail,mortgage,divorced,1,2023
357,retail,28,723156,961344,135506,65,34,0,607,3,North,Technology,mortgage,divorced,0,2022
71,corporate,61,192828,482779,191102,213,12,0,647,1,West,Services,own,single,0,2021
624,retail,32,396183,481017,193839,165,1,1,644,2,West,Manufacturing,mortgage,divorced,0,2023
938,corporate,69,958258,747242,11151,254,2,1,620,5,South,Services,own,married,0,2024
512,retail,69,1027611,428458,7485,39,13,0,690,2,East,Services,mortgage,single,0,2020
395,retail,45,811757,992605,180755,81,13,1,573,2,East,Services,mortgage,married,0,2022
95,corporate,30,684003,969131,155242,347,27,0,726,3,South,Services,rent,married,0,2021
761,retail,64,646574,272318,182611,114,35,1,749,2,South,Finance,mortgage,single,0,2022
378,retail,72,183787,742081,2763,328,39,1,636,1,West,Technology,rent,single,0,2024
25,retail,64,1172460,961828,199570,114,14,0,687,3,South,Retail,own,divorced,0,2021
672,corporate,45,194900,854081,110130,169,17,0,730,5,North,Retail,own,single,0,2020
802,retail,57,466456,371447,249616,225,23,0,682,2,South,Retail,rent,married,0,2024
894,retail,46,386281,35991,161206,37,39,0,687,1,South,Finance,own,single,0,2022
883,retail,63,1017964,900677,85103,76,31,0,660,2,East,Manufacturing,own,married,0,2020
870,corporate,49,276060,618814,134445,143,7,1,631,4,West,Services,rent,married,0,2022
495,retail,39,947232,161094,198237,26,6,1,670,6,West,Finance,rent,single,0,2020
326,corporate,46,1147082,346851,65048,329,29,0,661,6,East,Technology,rent,married,0,2024
505,retail,50,439768,355740,215553,169,33,0,615,3,West,Services,own,married,0,2020
861,corporate,29,1012881,780097,77694,325,37,0,668,4,South,Finance,rent,divorced,0,2024
5,retail,36,448185,523313,30981,195,37,1,693,2,South,Retail,rent,single,0,2021
675,retail,54,610796,678516,30257,299,12,0,621,5,North,Services,rent,single,0,2024
779,corporate,72,834029,505010,160840,205,26,1,634,5,West,Retail,rent,divorced,0,2022
820,retail,43,167297,625937,111497,94,33,0,656,4,North,Finance,rent,divorced,1,2024
23,retail,62,355768,960708,130970,333,12,0,660,7,North,Technology,own,married,1,2023
23,retail,62,355768,960708,130970,333,12,0,660,7,North,Technology,own,married,1,2023
525,corporate,72,1008379,927154,210048,153,36,0,623,5,North,Retail,own,single,1,2022
224,retail,28,213936,816564,93422,242,17,0,682,4,West,Manufacturing,own,divorced,0,2022
632,corporate,71,389017,780326,183728,15,25,0,657,5,North,Technology,rent,married,0,2024
739,retail,54,860644,547977,188505,21,13,0,674,4,West,Manufacturing,own,married,0,2024
112,retail,64,1035296,143296,70843,11,34,1,629,2,South,Technology,own,divorced,1,2021
730,retail,26,696495,817015,86795,134,25,0,697,3,South,Retail,own,married,0,2020
700,retail,37,1153429,712495,228862,114,7,0,493,7,North,Technology,rent,single,0,2023
496,retail,45,974255,446679,207581,69,18,1,667,5,North,Retail,own,single,0,2021
115,retail,47,437313,189767,180903,33,20,1,613,2,West,Services,rent,single,0,2020
779,corporate,72,834029,505010,160840,205,26,1,634,5,West,Retail,rent,divorced,0,2020
177,retail,23,508918,746129,134678,145,33,1,674,2,South,Retail,rent,divorced,0,2023
177,retail,23,508918,746129,134678,145,33,1,674,2,South,Retail,rent,divorced,0,2023
713,retail,54,728533,753859,192917,115,38,1,626,1,West,Technology,rent,married,0,2021
79,retail,42,320963,959401,207234,195,11,0,640,7,West,Manufacturing,own,married,1,2022
483,retail,39,882303,421236,118028,106,25,1,637,2,East,Manufacturing,rent,single,0,2022
984,retail,30,160207,919921,129631,184,22,0,715,5,East,Manufacturing,mortgage,single,0,2020
776,retail,67,353047,211554,88151,347,18,0,576,2,West,Retail,rent,divorced,0,2021
627,retail,23,203909,157745,244309,17,12,0,720,3,West,Finance,rent,married,0,2022
843,retail,36,932877,97051,82569,339,19,0,641,4,West,Technology,mortgage,single,0,2020
117,corporate,56,341703,401858,224881,124,39,0,622,4,West,Services,mortgage,married,0,2023
293,corporate,19,1030412,686296,132992,222,7,1,628,1,West,Finance,rent,married,0,2021
330,retail,49,267235,71215,40142,225,21,0,658,2,North,Technology,mortgage,married,0,2023
670,retail,42,724100,103526,116026,222,30,1,617,2,North,Services,mortgage,married,0,2023
506,retail,50,681111,863164,191665,229,0,0,652,2,East,Services,rent,married,0,2022
967,corporate,73,192727,563372,198303,215,9,0,743,7,North,Retail,mortgage,married,1,2023
346,retail,67,673886,500834,108117,50,6,1,771,6,South,Manufacturing,mortgage,single,0,2022
117,corporate,56,341703,401858,224881,124,39,0,622,4,West,Services,mortgage,married,0,2020
34,corporate,39,343510,672550,10451,234,15,1,601,5,South,Finance,mortgage,divorced,0,2020
683,retail,40,287653,227583,156685,236,25,0,583,2,East,Technology,own,divorced,0,2022
204,corporate,31,747218,289067,17413,154,29,1,687,2,South,Retail,rent,single,0,2024
154,retail,30,1139470,813940,5103,72,16,0,711,3,North,Finance,mortgage,divorced,0,2023
918,corporate,72,1040083,69778,217127,23,3,0,680,5,East,Retail,mortgage,married,0,2022
585,retail,36,746804,71844,97537,265,13,0,629,4,West,Technology,own,single,0,2023
747,retail,59,284832,600504,184099,342,1,1,659,1,South,Retail,rent,single,0,2023
937,retail,70,854293,950051,23569,35,28,0,649,1,North,Manufacturing,rent,divorced,0,2022
519,corporate,43,360097,620032,102638,236,33,0,631,1,West,Manufacturing,own,single,0,2022
389,corporate,28,557688,263317,168017,155,17,0,665,2,West,Retail,mortgage,single,0,2023
180,retail,71,964037,555096,126270,181,33,0,640,6,North,Retail,own,single,0,2022
709,retail,74,223869,808729,72518,250,15,1,628,4,East,Retail,mortgage,divorced,0,2024
213,retail,26,764641,519452,163926,185,8,1,657,4,West,Finance,mortgage,single,1,2023
15,retail,25,1162384,897516,182003,50,2,0,710,1,South,Technology,rent,divorced,0,2024
308,retail,48,411486,536492,245017,68,17,0,650,4,South,Manufacturing,own,single,0,2020
801,corporate,64,714046,403605,78768,235,7,1,614,4,South,Retail,mortgage,divorced,0,2024
154,retail,30,1139470,813940,5103,72,16,0,711,4,North,Finance,mortgage,divorced,0,2024
911,retail,67,985083,530616,169934,283,1,0,572,3,East,Finance,rent,single,0,2023
879,retail,63,543574,972774,153837,137,31,0,647,2,East,Finance,own,divorced,0,2021
597,retail,71,695735,442680,172330,310,2,1,579,5,West,Manufacturing,rent,divorced,0,2022
844,corporate,23,858521,160653,233510,40,7,0,648,3,South,Finance,own,single,0,2024
844,corporate,23,858521,160653,233510,40,7,0,648,3,South,Finance,own,single,0,2024
212,retail,46,370169,483314,223492,350,8,0,587,2,South,Retail,mortgage,married,0,2020
88,retail,72,1165416,744983,164530,176,0,0,709,2,South,Manufacturing,rent,divorced,1,2021
691,retail,33,823590,274852,236213,51,1,0,732,4,West,Services,mortgage,married,0,2024
402,corporate,23,737100,965357,79698,238,24,1,612,2,North,Technology,rent,married,0,2020
536,corporate,48,572355,408172,204565,329,35,0,668,5,North,Retail,rent,divorced,0,2024
373,retail,52,1101441,278083,41153,234,14,0,669,1,North,Technology,own,divorced,0,2022
201,retail,42,660259,255739,124116,308,38,1,638,7,North,Technology,rent,divorced,0,2022
419,retail,33,1081479,773461,120927,211,5,1,675,4,North,Finance,own,married,0,2023
992,retail,43,734054,707411,222751,335,15,0,526,1,South,Finance,rent,divorced,0,2021
603,retail,47,1189550,201387,223689,171,13,0,649,3,West,Finance,own,married,0,2024
393,retail,61,315937,491725,90101,8,24,1,622,6,East,Finance,mortgage,married,0,2023
957,retail,47,422647,383216,1881,279,15,1,652,1,West,Finance,own,single,0,2020
886,retail,38,701050,557219,169302,296,10,0,747,6,East,Finance,rent,single,0,2023
155,corporate,51,400497,163077,25500,255,27,0,641,4,North,Retail,own,divorced,0,2023
180,retail,71,964037,555096,126270,181,33,0,640,6,North,Retail,own,single,0,2023
646,corporate,47,985869,830580,127314,199,31,1,644,4,East,Manufacturing,own,single,0,2024
338,corporate,34,820739,463830,233269,264,2,1,573,3,South,Retail,mortgage,divorced,0,2021
359,corporate,23,448871,33091,234433,176,30,1,651,2,North,Finance,mortgage,divorced,0,2022
382,retail,69,180447,843550,207139,101,12,0,634,2,South,Finance,mortgage,divorced,0,2023
857,retail,42,585477,273031,235455,186,6,0,656,3,South,Finance,own,married,1,2022
497,retail,37,430852,740031,6859,170,21,0,713,4,North,Services,mortgage,single,0,2024
564,retail,29,1028483,94700,202318,21,5,0,611,2,East,Services,rent,divorced,1,2020
387,retail,37,338490,662845,76848,27,28,1,693,3,North,Technology,mortgage,married,0,2021
612,corporate,37,733098,188048,63344,47,35,0,669,3,North,Manufacturing,own,married,0,2023
457,retail,70,399430,65745,86598,135,33,0,600,3,South,Retail,rent,single,0,2020
554,retail,43,1110374,489336,29063,293,36,0,679,5,North,Retail,own,married,0,2021
177,retail,23,508918,746129,134678,145,33,1,674,2,South,Retail,rent,divorced,0,2024
177,retail,23,508918,746129,134678,145,33,1,674,2,South,Retail,rent,divorced,0,2024
835,retail,58,351260,283586,61799,240,11,0,708,2,North,Services,own,single,0,2021
142,retail,41,1065387,645310,199886,309,5,0,739,1,South,Manufacturing,rent,single,0,2021
136,retail,63,1118616,985776,101948,191,17,0,681,5,East,Retail,mortgage,single,0,2023
705,retail,74,1174729,149784,917,211,23,0,750,7,West,Manufacturing,own,divorced,0,2022
675,retail,54,610796,678516,30257,299,12,0,621,3,North,Services,rent,single,0,2022
582,corporate,35,818590,638889,102476,204,22,1,623,4,South,Technology,mortgage,divorced,0,2022
2,corporate,29,255111,544638,12905,354,34,1,706,1,West,Technology,own,single,0,2020
969,retail,59,791211,871248,211429,103,14,1,561,4,West,Finance,mortgage,married,0,2024
833,retail,30,899122,938758,206903,284,7,0,590,1,North,Finance,own,married,0,2021
389,corporate,28,557688,263317,168017,155,17,0,665,2,West,Retail,mortgage,single,0,2022
792,retail,43,644178,604821,158302,273,28,1,635,2,West,Retail,own,married,0,2023
253,corporate,44,1093693,709151,89037,106,28,0,685,5,North,Retail,mortgage,single,1,2021
382,retail,69,180447,843550,207139,101,12,0,634,2,South,Finance,mortgage,divorced,0,2023
160,corporate,25,843206,490808,149524,216,37,1,651,4,East,Finance,rent,single,1,2021
923,corporate,42,343226,968671,54353,262,18,1,692,2,East,Finance,mortgage,divorced,0,2020
393,retail,61,315937,491725,90101,8,24,1,622,6,East,Finance,mortgage,married,0,2021
903,retail,61,356846,105556,246289,265,34,0,698,3,West,Finance,mortgage,divorced,0,2021
531,corporate,23,564600,815581,65133,348,39,0,651,3,West,Technology,mortgage,married,0,2022
490,corporate,63,220202,663015,38712,290,26,1,625,2,North,Manufacturing,mortgage,single,0,2021
425,retail,46,814917,827711,173311,121,19,1,683,2,South,Technology,rent,married,0,2020
799,retail,43,753291,835626,5750,103,10,1,662,3,East,Finance,mortgage,married,0,2023
680,corporate,73,641862,944093,52691,154,36,0,604,7,South,Technology,own,divorced,0,2022
188,retail,59,354366,348540,133663,345,0,0,752,6,East,Finance,rent,married,0,2021
520,retail,63,778138,824914,184514,43,34,1,624,4,South,Technology,own,single,1,2020
48,retail,48,222240,935748,219128,274,12,0,665,2,South,Manufacturing,own,single,1,2023
623,retail,19,289544,282919,94715,167,16,1,676,2,East,Technology,mortgage,single,0,2022
142,retail,41,1065387,645310,199886,309,5,0,739,1,South,Manufacturing,rent,single,0,2022
787,retail,64,157461,449030,52446,142,22,1,738,4,East,Manufacturing,own,single,0,2021
278,retail,62,270029,603849,15534,19,23,0,608,1,South,Technology,rent,married,0,2022
516,retail,19,171253,117096,112701,27,21,0,614,5,South,Technology,rent,married,0,2024
144,retail,29,375371,871789,156470,102,8,0,652,3,East,Retail,own,single,0,2020
460,retail,41,703343,936215,166782,84,12,0,654,4,North,Manufacturing,own,single,0,2024
778,corporate,18,399768,568963,120318,216,19,1,679,2,South,Retail,own,divorced,0,2020
683,retail,40,287653,227583,156685,236,25,0,583,2,East,Technology,own,divorced,0,2021
458,retail,70,430466,60081,35931,320,22,0,627,2,East,Retail,rent,single,0,2022
876,retail,28,897028,406981,165129,241,32,0,594,3,East,Finance,rent,married,0,2021
855,retail,71,317647,245419,44254,111,23,0,559,1,East,Finance,rent,single,0,2020
346,retail,67,673886,500834,108117,50,6,1,771,6,South,Manufacturing,mortgage,single,0,2022
182,retail,40,1077460,498906,14387,134,18,0,695,2,East,Finance,rent,divorced,0,2022
788,retail,51,946948,482963,236150,25,36,0,588,6,West,Technology,rent,divorced,0,2022
688,retail,20,819927,430343,183185,147,17,0,534,5,North,Services,own,single,0,2024
585,retail,36,746804,71844,97537,265,13,0,629,4,West,Technology,own,single,0,2023
249,corporate,73,595377,448080,162026,350,39,0,690,3,East,Retail,rent,divorced,0,2023
818,retail,22,395404,135355,32101,213,3,0,626,5,West,Manufacturing,mortgage,married,0,2024
109,retail,33,876331,494146,20025,344,21,1,633,3,North,Services,rent,married,0,2024
896,retail,42,752276,720205,121015,151,20,1,648,6,North,Retail,mortgage,married,1,2021
432,corporate,69,669349,539739,186684,219,8,1,623,2,South,Technology,rent,single,0,2021
195,retail,49,596636,625175,81257,307,33,0,649,3,East,Technology,own,married,0,2020
902,retail,32,1054850,771401,33455,36,19,0,624,5,East,Retail,rent,divorced,0,2023
416,retail,35,691357,64110,224377,253,38,0,569,1,West,Retail,mortgage,married,0,2022
976,retail,24,171281,844874,54722,90,35,0,589,3,North,Finance,mortgage,married,0,2021
441,retail,63,452929,133765,165732,336,17,1,688,6,South,Retail,mortgage,married,0,2020
138,corporate,26,922577,231035,29493,243,39,1,638,1,East,Finance,rent,divorced,0,2024
266,corporate,30,220119,124397,178933,195,27,0,649,2,North,Retail,mortgage,married,0,2020
915,retail,38,1123619,660443,43856,273,12,0,621,1,West,Retail,rent,divorced,0,2022
583,retail,23,183866,973111,159973,111,37,0,615,5,West,Manufacturing,own,divorced,0,2020
377,corporate,32,1083688,503216,51717,117,23,0,683,1,East,Services,own,married,0,2020
519,corporate,43,360097,620032,102638,236,33,0,631,1,West,Manufacturing,own,single,0,2022
939,retail,63,480170,864568,202166,38,25,0,587,3,East,Services,mortgage,married,0,2022
210,retail,20,592939,250891,231848,247,3,1,628,3,North,Finance,own,divorced,0,2022
909,retail,23,544423,906473,116841,35,22,0,613,3,West,Services,own,married,0,2023
766,retail,55,1006626,639698,209725,248,5,0,669,3,West,Finance,rent,divorced,0,2021
842,retail,55,400100,141184,173115,275,20,0,634,3,West,Manufacturing,own,divorced,0,2023
785,retail,64,1142382,80305,213456,304,2,1,729,2,South,Services,mortgage,divorced,0,2023
13,corporate,33,661083,461610,78513,89,3,0,672,4,East,Finance,own,divorced,0,2020
569,corporate,36,1077091,406087,164529,134,12,1,601,4,North,Services,mortgage,married,0,2020
809,retail,21,478821,307675,179297,322,33,0,658,4,North,Retail,mortgage,married,0,2021
61,retail,61,401051,497030,214176,185,3,0,693,3,East,Technology,rent,divorced,0,2020
680,corporate,73,641862,944093,52691,154,36,0,604,7,South,Technology,own,divorced,0,2024
135,corporate,70,840658,826228,172166,88,26,1,800,1,West,Technology,own,single,0,2023
234,retail,23,351139,820904,5520,272,29,0,652,5,West,Manufacturing,rent,divorced,0,2024
412,corporate,66,218920,475226,22010,220,15,0,686,5,East,Services,own,single,0,2022
788,retail,51,946948,482963,236150,25,36,0,588,6,West,Technology,rent,divorced,0,2021
810,retail,50,233555,718175,219057,329,9,0,687,1,West,Manufacturing,mortgage,married,0,2023
530,corporate,20,418854,685673,176020,10,15,1,642,1,West,Technology,rent,single,0,2021
844,corporate,23,858521,160653,233510,40,7,0,648,3,South,Finance,own,single,0,2023
844,corporate,23,858521,160653,233510,40,7,0,648,3,South,Finance,own,single,0,2023
706,corporate,71,809738,215776,75602,340,0,0,661,3,East,Finance,own,divorced,0,2021
630,retail,68,665693,147686,164759,351,22,0,643,6,North,Technology,mortgage,married,0,2020
646,corporate,47,985869,830580,127314,199,31,1,644,2,East,Manufacturing,own,single,0,2022
404,corporate,74,673156,994156,243381,284,28,1,664,4,East,Services,rent,married,0,2020
938,corporate,69,958258,747242,11151,254,2,1,620,2,South,Services,own,married,0,2022
11,retail,54,345246,325261,116506,218,7,1,612,4,East,Finance,own,married,0,2024
117,corporate,56,341703,401858,224881,124,39,0,622,4,West,Services,mortgage,married,0,2022
92,corporate,47,1057669,789128,220232,218,17,0,629,2,East,Manufacturing,mortgage,single,1,2021
760,corporate,73,483569,683647,152191,217,1,0,658,2,South,Finance,mortgage,married,0,2024
453,retail,65,1144969,760186,220863,81,27,0,636,5,North,Finance,rent,married,0,2020
510,corporate,50,425709,574983,135958,50,16,0,585,4,East,Finance,mortgage,married,0,2024
713,retail,54,728533,753859,192917,115,38,1,626,1,West,Technology,rent,married,0,2021
716,corporate,66,580634,261514,154542,256,15,1,595,2,West,Technology,own,divorced,0,2020
459,retail,19,600930,998406,124168,288,23,0,682,3,East,Technology,mortgage,divorced,0,2021
366,retail,43,302889,876792,43949,98,14,0,658,2,South,Technology,own,single,0,2023
231,corporate,65,291214,506013,193006,193,7,1,654,3,West,Retail,rent,married,1,2023
194,retail,20,852436,552423,197808,255,17,1,623,6,North,Manufacturing,rent,divorced,0,2020
217,retail,29,658679,459076,16322,197,15,0,615,3,North,Services,rent,divorced,0,2023
826,corporate,50,661603,399959,57124,80,18,1,613,4,North,Technology,rent,single,0,2022
826,corporate,50,661603,399959,57124,80,18,1,613,4,North,Technology,rent,single,0,2022
579,retail,49,699844,230462,90012,52,1,1,670,2,East,Finance,rent,single,0,2024
369,retail,51,919727,676393,42215,111,26,1,676,1,East,Manufacturing,own,single,0,2022
760,corporate,73,483569,683647,152191,217,1,0,658,2,South,Finance,mortgage,married,0,2020
21,retail,43,714678,418808,69212,278,8,1,628,4,North,Finance,rent,married,0,2021
8,corporate,38,651174,158694,109200,132,18,0,638,4,West,Technology,mortgage,single,0,2023
56,corporate,34,315575,197450,73788,148,39,1,700,4,North,Services,own,single,0,2024
311,retail,62,1024631,827563,120076,105,28,1,777,2,North,Retail,rent,single,0,2021
826,corporate,50,661603,399959,57124,80,18,1,613,4,North,Technology,rent,single,0,2024
826,corporate,50,661603,399959,57124,80,18,1,613,6,North,Technology,rent,single,0,2024
97,retail,49,268413,244104,213286,197,18,0,604,2,North,Manufacturing,rent,single,0,2020
74,corporate,73,441126,908488,138682,276,19,0,694,3,East,Technology,own,divorced,0,2021
743,corporate,66,580599,532552,116545,198,20,1,641,2,South,Services,own,married,0,2020
636,retail,35,615982,788493,96462,281,24,0,629,3,West,Manufacturing,own,married,0,2024
349,retail,46,253892,721111,207346,108,32,0,655,1,North,Services,own,married,0,2020
555,corporate,20,527501,777876,90880,327,11,1,660,3,South,Technology,mortgage,single,0,2020
246,corporate,46,298702,666761,64925,252,1,0,608,5,West,Services,rent,divorced,0,2024
385,corporate,64,1167541,424841,227443,219,14,1,634,6,South,Finance,rent,single,0,2020
840,retail,63,533100,344971,99165,358,35,0,631,1,North,Finance,own,divorced,0,2023
864,retail,38,881478,616226,47893,12,9,0,669,4,East,Finance,rent,married,1,2021
791,retail,72,533395,488108,165070,44,2,1,565,6,South,Manufacturing,own,married,0,2023
32,retail,43,379104,433966,75945,192,0,1,617,2,North,Services,mortgage,married,0,2021
413,corporate,42,980051,757852,155195,35,1,0,668,1,East,Services,own,divorced,1,2024
354,retail,29,1176630,259243,95430,151,4,0,630,2,North,Technology,rent,married,0,2021
515,retail,56,168658,208784,147839,226,14,1,703,4,West,Retail,mortgage,married,0,2022
648,retail,59,996143,773529,229443,20,8,1,610,5,South,Technology,own,divorced,0,2024
954,corporate,21,1172145,797738,144972,263,25,0,662,7,South,Technology,rent,divorced,1,2023
91,retail,51,367029,90811,23248,226,18,0,701,4,North,Manufacturing,rent,married,0,2022
399,corporate,33,233369,447470,222953,23,16,1,680,3,North,Finance,rent,single,0,2022
11,retail,54,345246,325261,116506,218,7,1,612,4,East,Finance,own,married,0,2021
611,retail,61,959178,372916,215820,338,29,1,623,4,West,Services,mortgage,married,0,2020
182,retail,40,1077460,498906,14387,134,18,0,695,2,East,Finance,rent,divorced,0,2020
904,retail,53,844335,859307,159090,22,17,0,616,6,West,Technology,rent,divorced,0,2020
52,corporate,52,611227,252717,5039,117,27,0,692,3,West,Technology,mortgage,single,0,2024
352,corporate,52,866987,981758,203381,291,16,1,653,6,South,Services,mortgage,single,0,2023
808,corporate,63,487913,330146,165386,272,37,1,686,4,North,Retail,own,divorced,1,2021
366,retail,43,302889,876792,43949,98,14,0,658,2,South,Technology,own,single,0,2021
706,corporate,71,809738,215776,75602,340,0,0,661,4,East,Finance,own,divorced,0,2024
778,corporate,18,399768,568963,120318,216,19,1,679,2,South,Retail,own,divorced,0,2020
882,retail,19,306951,493455,120747,6,9,0,685,2,East,Finance,rent,divorced,0,2022
184,corporate,26,744305,137927,202904,94,18,1,651,2,South,Finance,mortgage,divorced,0,2020
778,corporate,18,399768,568963,120318,216,19,1,679,2,South,Retail,own,divorced,0,2020
19,retail,29,1013663,864336,191758,210,12,1,626,3,North,Finance,rent,married,0,2021
75,corporate,66,936639,588526,174398,145,17,0,698,1,North,Technology,own,married,0,2024
989,retail,39,613937,203984,63293,202,39,0,604,5,South,Services,rent,divorced,0,2024
613,retail,41,792650,363646,166690,308,20,1,670,1,North,Manufacturing,rent,single,1,2024
218,corporate,59,571818,72507,113053,10,14,1,647,1,South,Technology,rent,divorced,0,2022
698,retail,18,429713,729785,116136,103,25,1,652,5,West,Services,own,divorced,0,2023
117,corporate,56,341703,401858,224881,124,39,0,622,4,West,Services,mortgage,married,0,2023
536,corporate,48,572355,408172,204565,329,35,0,668,3,North,Retail,rent,divorced,0,2021
898,corporate,22,300023,239577,246536,21,17,0,639,4,North,Services,rent,divorced,0,2020
306,corporate,34,179725,759468,84607,49,5,1,608,4,East,Finance,mortgage,divorced,0,2024
158,corporate,69,851692,684331,166601,287,5,0,664,2,East,Technology,own,single,0,2020
483,retail,39,882303,421236,118028,106,25,1,637,3,East,Manufacturing,rent,single,0,2024
946,retail,33,464063,681553,166375,337,12,0,709,3,South,Technology,own,divorced,0,2023
208,retail,58,153191,346227,56358,197,30,0,630,3,South,Finance,own,divorced,0,2022
599,retail,50,904105,103330,64286,321,30,1,642,4,West,Manufacturing,own,single,0,2022
944,corporate,52,635662,242930,243935,160,27,0,541,2,West,Services,own,married,0,2020
482,retail,28,480817,32601,232892,81,20,1,695,3,East,Services,rent,single,0,2024
363,retail,68,467650,85451,4994,127,22,1,629,1,South,Services,mortgage,married,0,2020
743,corporate,66,580599,532552,116545,198,20,1,641,2,South,Services,own,married,0,2022
23,retail,62,355768,960708,130970,333,12,0,660,7,North,Technology,own,married,1,2023
23,retail,62,355768,960708,130970,333,12,0,660,7,North,Technology,own,married,1,2023
511,retail,30,324023,422918,111249,280,37,1,682,2,North,Services,own,single,0,2021
895,retail,43,234754,524265,141417,339,32,0,587,6,North,Manufacturing,own,single,0,2023
879,retail,63,543574,972774,153837,137,31,0,647,2,East,Finance,own,divorced,0,2021
630,retail,68,665693,147686,164759,351,22,0,643,6,North,Technology,mortgage,married,0,2022
577,retail,70,795275,109003,147175,353,26,1,584,1,North,Manufacturing,mortgage,divorced,0,2023
705,retail,74,1174729,149784,917,211,23,0,750,7,West,Manufacturing,own,divorced,0,2023
13,corporate,33,661083,461610,78513,89,3,0,672,4,East,Finance,own,divorced,0,2021
711,corporate,54,868675,823560,149134,278,7,0,589,2,North,Retail,mortgage,married,1,2020
956,retail,42,468766,22360,80059,177,11,0,662,3,East,Services,mortgage,married,0,2020
715,retail,54,925024,305064,61169,293,5,0,748,6,North,Finance,mortgage,single,0,2021
423,retail,42,282503,69234,33665,30,4,1,680,3,North,Technology,own,single,0,2023
452,retail,55,200601,306208,120018,303,32,0,578,1,South,Manufacturing,own,single,0,2020
340,retail,71,597557,349384,42056,141,6,0,681,2,South,Services,own,divorced,0,2020
941,retail,46,916988,729979,44739,17,11,1,668,5,West,Retail,mortgage,single,0,2024
802,retail,57,466456,371447,249616,225,23,0,682,1,South,Retail,rent,married,0,2022
222,retail,42,1115188,203069,190920,42,19,0,694,5,West,Retail,rent,married,0,2023
1000,retail,41,327164,877564,140090,34,25,0,641,2,South,Technology,mortgage,divorced,0,2024
14,retail,23,167633,243077,150946,18,20,1,610,3,East,Finance,rent,married,0,2020
264,retail,65,176806,605642,231670,213,12,0,633,4,East,Technology,mortgage,married,1,2024
402,corporate,23,737100,965357,79698,238,24,1,612,2,North,Technology,rent,married,0,2020
186,retail,37,680836,716528,242998,163,15,1,569,7,West,Technology,own,divorced,0,2020
742,retail,50,1017780,519565,19404,51,25,1,619,4,South,Finance,rent,single,0,2023
51,corporate,56,422900,56101,248106,154,17,0,655,3,North,Technology,mortgage,divorced,0,2022
293,corporate,19,1030412,686296,132992,222,7,1,628,5,West,Finance,rent,married,0,2024
124,retail,62,254211,858800,155489,304,22,0,707,2,North,Retail,own,single,0,2023
912,retail,61,1039497,417472,58870,208,25,1,791,7,West,Services,rent,married,1,2021
788,retail,51,946948,482963,236150,25,36,0,588,5,West,Technology,rent,divorced,0,2024
46,retail,46,527539,157309,103998,99,24,0,636,6,East,Finance,rent,single,1,2020
442,corporate,32,955113,397025,68975,277,6,1,600,3,South,Manufacturing,rent,married,0,2022
608,retail,54,200939,335497,242014,303,6,0,691,3,South,Finance,mortgage,single,0,2024
83,retail,33,460375,823349,1014,237,34,0,635,5,West,Finance,own,divorced,0,2022
810,retail,50,233555,718175,219057,329,9,0,687,1,West,Manufacturing,mortgage,married,0,2020
921,corporate,70,1059245,566376,159450,260,36,1,540,1,West,Technology,own,single,0,2024
